Symbol,Date,Expiry,Option Type,Strike Price,Open,High,Low,Close,LTP,Settle Price,No. of contracts,Turnover in Lacs,Premium Turnover in Lacs,Open Int,Change in OI,Underlying Value
NIFTY,30-Dec-16,25-Jan-17,PE,9600,1409.05,1409.05,1409.05,1409.05,1409.05,1409.05,1,8.26,1.06,6825,75,8185.8
NIFTY,30-Dec-16,25-Jan-17,PE,9650,0,0,0,902.65,0,1420,0,0,0,0,0,8185.8
NIFTY,30-Dec-16,25-Jan-17,PE,9700,0,0,0,948.1,0,1469.75,0,0,0,0,0,8185.8
NIFTY,30-Dec-16,25-Jan-17,PE,9750,0,0,0,994,0,1519.55,0,0,0,0,0,8185.8
NIFTY,30-Dec-16,25-Jan-17,PE,9800,0,0,0,1655.65,1655.65,1569.3,0,0,0,75,0,8185.8
NIFTY,30-Dec-16,25-Jan-17,PE,9850,0,0,0,1087.05,0,1619.05,0,0,0,0,0,8185.8
NIFTY,30-Dec-16,25-Jan-17,PE,9900,0,0,0,1134.1,0,1668.85,0,0,0,0,0,8185.8
NIFTY,30-Dec-16,25-Jan-17,PE,9950,0,0,0,1181.45,0,1718.6,0,0,0,0,0,8185.8
NIFTY,30-Dec-16,25-Jan-17,PE,10000,1850,1850,1785,1795.8,1795.7,1795.8,181,1603.41,245.91,794775,-4425,8185.8
NIFTY,30-Dec-16,25-Jan-17,PE,10050,0,0,0,1276.9,0,1818.15,0,0,0,0,0,8185.8
NIFTY,30-Dec-16,25-Jan-17,PE,10100,1908,1908,1890,1892.95,1892.95,1892.95,31,278.95,44.13,3300,375,8185.8
NIFTY,30-Dec-16,25-Jan-17,PE,10150,0,0,0,1353.4,0,1917.7,0,0,0,0,0,8185.8
NIFTY,30-Dec-16,25-Jan-17,PE,6400,1,1,0.3,0.3,0.3,0.3,4,19.2,0,150,150,8185.8
NIFTY,30-Dec-16,25-Jan-17,PE,6450,0,0,0,1.45,0,0,0,0,0,0,0,8185.8
NIFTY,30-Dec-16,25-Jan-17,PE,6500,0.75,0.75,0.4,0.6,0.6,0.6,784,3822.35,0.35,127575,-5250,8185.8
NIFTY,30-Dec-16,25-Jan-17,PE,6550,0,0,0,0.85,0,0,0,0,0,0,0,8185.8
NIFTY,30-Dec-16,25-Jan-17,PE,6600,0,0,0,2.6,0,0,0,0,0,0,0,8185.8
NIFTY,30-Dec-16,25-Jan-17,PE,6650,0,0,0,3.3,0,0,0,0,0,0,0,8185.8
NIFTY,30-Dec-16,25-Jan-17,PE,6700,0,0,0,1.25,1.25,0,0,0,0,600,0,8185.8
NIFTY,30-Dec-16,25-Jan-17,PE,6750,0,0,0,5.1,0,0,0,0,0,0,0,8185.8
NIFTY,30-Dec-16,25-Jan-17,PE,6800,0.9,0.9,0.9,0.9,0.9,0.9,1,5.1,0,3675,75,8185.8
NIFTY,30-Dec-16,25-Jan-17,PE,6850,0,0,0,1.9,0,0,0,0,0,0,0,8185.8
NIFTY,30-Dec-16,25-Jan-17,PE,6900,0,0,0,1.6,1.4,0,0,0,0,4950,0,8185.8
NIFTY,30-Dec-16,25-Jan-17,PE,6950,0,0,0,0.1,0,0.05,0,0,0,0,0,8185.8
NIFTY,30-Dec-16,25-Jan-17,PE,7000,1.5,1.8,1.2,1.7,1.75,1.7,5675,29800.5,6.75,1417950,15075,8185.8
NIFTY,30-Dec-16,25-Jan-17,PE,7050,1.5,1.8,1.5,1.8,1.8,1.8,6,31.73,0.01,75075,75,8185.8
NIFTY,30-Dec-16,25-Jan-17,PE,7100,2.1,2.45,1.95,2.2,2.45,2.2,1598,8511.98,2.63,326550,43200,8185.8
NIFTY,30-Dec-16,25-Jan-17,PE,7150,0,0,0,0.4,0,0.1,0,0,0,0,0,8185.8
NIFTY,30-Dec-16,25-Jan-17,PE,7200,3.45,3.7,2.95,3.3,3.35,3.3,4429,23927.33,10.73,647025,5775,8185.8
NIFTY,30-Dec-16,25-Jan-17,PE,7250,0,0,0,0.7,0,0.25,0,0,0,0,0,8185.8
NIFTY,30-Dec-16,25-Jan-17,PE,7300,5.45,5.5,3.95,4.55,4.5,4.55,8661,47447.8,28.82,762900,146700,8185.8
NIFTY,30-Dec-16,25-Jan-17,PE,7350,0,0,0,1.3,0,0.7,0,0,0,0,0,8185.8
NIFTY,30-Dec-16,25-Jan-17,PE,7400,7.1,7.3,5.55,6.4,6.45,6.4,16352,90827.92,74.32,902475,327525,8185.8
NIFTY,30-Dec-16,25-Jan-17,PE,7450,8,10,5.1,8,7,8,8,44.75,0.05,600,75,8185.8
NIFTY,30-Dec-16,25-Jan-17,PE,7500,10.4,11.05,8.2,9.7,9.85,9.7,21679,122094.87,150.5,1992600,268800,8185.8
NIFTY,30-Dec-16,25-Jan-17,PE,7550,11.8,12,11,11.15,11.05,11.15,149,844.96,1.25,10650,10050,8185.8
NIFTY,30-Dec-16,25-Jan-17,PE,7600,15.3,16.3,12.1,13.85,13.95,13.85,41000,234112.79,412.79,2155200,69900,8185.8
NIFTY,30-Dec-16,25-Jan-17,PE,7650,19,19,14.65,17.25,17.55,17.25,274,1575.46,3.38,10350,4500,8185.8
NIFTY,30-Dec-16,25-Jan-17,PE,7700,23.45,24.15,18.1,20.6,20.85,20.6,37353,216277.02,563.44,2464350,138975,8185.8
NIFTY,30-Dec-16,25-Jan-17,PE,7750,26.5,26.5,22.2,23.9,25.45,23.9,2187,12750.99,39.05,98325,87750,8185.8
NIFTY,30-Dec-16,25-Jan-17,PE,7800,34.85,35.9,26.75,30.1,30.05,30.1,60046,352597.27,1328.17,3181050,415575,8185.8
NIFTY,30-Dec-16,25-Jan-17,PE,7850,41.95,42,32.45,36.2,36.8,36.2,1144,6765.41,30.11,50475,24450,8185.8
NIFTY,30-Dec-16,25-Jan-17,PE,7900,53.15,53.15,39.35,43.8,43,43.8,79127,471372.89,2545.41,4027275,595800,8185.8
NIFTY,30-Dec-16,25-Jan-17,PE,7950,65,65,41.7,51.6,51.35,51.6,1717,10304.11,66.49,91050,1125,8185.8
NIFTY,30-Dec-16,25-Jan-17,PE,8000,72,76,56,62.65,61.2,62.65,132660,802079.32,6119.32,5762475,1338450,8185.8
NIFTY,30-Dec-16,25-Jan-17,PE,8050,94,94,68,74.3,73.45,74.3,3093,18846.06,172.08,167850,17550,8185.8
NIFTY,30-Dec-16,25-Jan-17,PE,8100,103.45,109,80,87.85,86.95,87.85,123998,761469.43,8181.58,3402525,1420500,8185.8
NIFTY,30-Dec-16,25-Jan-17,PE,8150,125.1,127.7,95.6,104.7,104,104.7,5391,33379.61,427.12,131850,90150,8185.8
NIFTY,30-Dec-16,25-Jan-17,PE,8200,150.1,151.3,113.05,124.65,124.1,124.65,70221,438457.15,6598,2289375,1173300,8185.8
NIFTY,30-Dec-16,25-Jan-17,PE,8250,167.15,167.15,137,147.5,148,147.5,482,3036.27,53.89,26175,4350,8185.8
NIFTY,30-Dec-16,25-Jan-17,PE,8300,208.85,210.9,162.9,176.45,175,176.45,15006,95421.08,2008.73,879600,101625,8185.8
NIFTY,30-Dec-16,25-Jan-17,PE,8350,210,218,196.6,201.5,201.3,201.5,172,1104.19,27.04,7350,7050,8185.8
NIFTY,30-Dec-16,25-Jan-17,PE,8400,283.35,283.35,225.75,242.95,241.65,242.95,10312,66849.76,1884.16,1072125,300975,8185.8
NIFTY,30-Dec-16,25-Jan-17,PE,8450,292,292,292,292,292,292,9,59.01,1.97,750,675,8185.8
NIFTY,30-Dec-16,25-Jan-17,PE,8500,365.1,368.1,307,324.2,324.4,324.2,3929,26011.42,964.04,1057950,-93975,8185.8
NIFTY,30-Dec-16,25-Jan-17,PE,8550,0,0,0,153.35,0,364.65,0,0,0,0,0,8185.8
NIFTY,30-Dec-16,25-Jan-17,PE,8600,455,456.75,395.8,413.8,414,413.8,1106,7483.98,350.28,635850,-13575,8185.8
NIFTY,30-Dec-16,25-Jan-17,PE,8650,0,0,0,193.95,0,448.9,0,0,0,0,0,8185.8
NIFTY,30-Dec-16,25-Jan-17,PE,8700,547.2,552.1,490,507.3,508.55,507.3,563,3890.61,217.04,762750,17175,8185.8
NIFTY,30-Dec-16,25-Jan-17,PE,8750,0,0,0,240.8,0,538.4,0,0,0,0,0,8185.8
NIFTY,30-Dec-16,25-Jan-17,PE,8800,652.5,654.5,587.5,605.3,607,605.3,1088,7675.97,495.17,1134150,-41475,8185.8
NIFTY,30-Dec-16,25-Jan-17,PE,8850,0,0,0,691,691,631.7,0,0,0,75,0,8185.8
NIFTY,30-Dec-16,25-Jan-17,PE,8900,745.25,747.95,687,704.7,704,704.7,741,5338.73,392.56,801900,-38925,8185.8
NIFTY,30-Dec-16,25-Jan-17,PE,8950,0,0,0,353.2,0,727.5,0,0,0,0,0,8185.8
NIFTY,30-Dec-16,25-Jan-17,PE,9000,850.95,850.95,771.8,801.7,801.75,801.7,3646,26800.74,2190.24,2182800,145125,8185.8
NIFTY,30-Dec-16,25-Jan-17,PE,9050,0,0,0,418.25,0,824.95,0,0,0,0,0,8185.8
NIFTY,30-Dec-16,25-Jan-17,PE,9100,914.35,919.25,887.15,898.75,903,898.75,29,217.64,19.72,176025,225,8185.8
NIFTY,30-Dec-16,25-Jan-17,PE,9150,0,0,0,488.65,0,923.35,0,0,0,0,0,8185.8
NIFTY,30-Dec-16,25-Jan-17,PE,9200,1009.4,1014.35,984.9,997.75,997.75,997.75,20,152.97,14.97,74025,-600,8185.8
NIFTY,30-Dec-16,25-Jan-17,PE,9250,0,0,0,564.05,0,1022.35,0,0,0,0,0,8185.8
NIFTY,30-Dec-16,25-Jan-17,PE,9300,1107.6,1107.6,1107.6,1107.6,1107.6,1107.6,3,23.42,2.49,30825,0,8185.8
NIFTY,30-Dec-16,25-Jan-17,PE,9350,0,0,0,643.65,0,1121.6,0,0,0,0,0,8185.8
NIFTY,30-Dec-16,25-Jan-17,PE,9400,1220,1220,1195,1199.8,1199.8,1199.8,7,55.67,6.32,33150,225,8185.8
NIFTY,30-Dec-16,25-Jan-17,PE,9450,0,0,0,727,0,1221,0,0,0,0,0,8185.8
NIFTY,30-Dec-16,25-Jan-17,PE,9500,1345,1345,1281,1299.1,1300,1299.1,160,1296.63,156.63,302925,-6000,8185.8
NIFTY,30-Dec-16,25-Jan-17,PE,9550,0,0,0,813.5,0,1320.5,0,0,0,0,0,8185.8
NIFTY,2-Jan-17,25-Jan-17,PE,6850,0,0,0,1.9,0,0,0,0,0,0,0,8179.5
NIFTY,2-Jan-17,25-Jan-17,PE,6900,1.35,1.35,1.1,1.35,1.35,1.35,33,170.81,0.03,3900,-1050,8179.5
NIFTY,2-Jan-17,25-Jan-17,PE,6950,0,0,0,0.1,0,0,0,0,0,0,0,8179.5
NIFTY,2-Jan-17,25-Jan-17,PE,7000,1.5,1.9,1.5,1.75,1.8,1.75,3219,16903.94,4.19,1336650,-81300,8179.5
NIFTY,2-Jan-17,25-Jan-17,PE,7050,2.5,2.5,2,2.4,2.4,2.4,4,21.16,0.01,75075,0,8179.5
NIFTY,2-Jan-17,25-Jan-17,PE,7100,2,2.45,2,2.25,2.15,2.25,1649,8783.73,2.8,319950,-6600,8179.5
NIFTY,2-Jan-17,25-Jan-17,PE,7150,0,0,0,0.4,0,0.05,0,0,0,0,0,8179.5
NIFTY,2-Jan-17,25-Jan-17,PE,7200,2.7,3.5,2.65,3.1,3.2,3.1,3678,19870.06,8.86,640050,-6975,8179.5
NIFTY,2-Jan-17,25-Jan-17,PE,7250,0,0,0,0.7,0,0.1,0,0,0,0,0,8179.5
NIFTY,2-Jan-17,25-Jan-17,PE,7300,3.5,4.8,3.4,4.1,4.2,4.1,4521,24767.04,14.57,808650,45750,8179.5
NIFTY,2-Jan-17,25-Jan-17,PE,7350,0,0,0,1.3,0,0.35,0,0,0,0,0,8179.5
NIFTY,2-Jan-17,25-Jan-17,PE,7400,5.3,6.85,5.05,5.55,5.55,5.55,11695,64959.9,52.65,897750,-4725,8179.5
NIFTY,2-Jan-17,25-Jan-17,PE,9600,0,0,0,1409.05,1409.05,1381.7,0,0,0,6825,0,8179.5
NIFTY,2-Jan-17,25-Jan-17,PE,9650,0,0,0,902.65,0,1431.5,0,0,0,0,0,8179.5
NIFTY,2-Jan-17,25-Jan-17,PE,9700,0,0,0,948.1,0,1481.3,0,0,0,0,0,8179.5
NIFTY,2-Jan-17,25-Jan-17,PE,9750,0,0,0,994,0,1531.1,0,0,0,0,0,8179.5
NIFTY,2-Jan-17,25-Jan-17,PE,9800,0,0,0,1655.65,1655.65,1580.9,0,0,0,75,0,8179.5
NIFTY,2-Jan-17,25-Jan-17,PE,9850,0,0,0,1087.05,0,1630.7,0,0,0,0,0,8179.5
NIFTY,2-Jan-17,25-Jan-17,PE,9900,0,0,0,1134.1,0,1680.5,0,0,0,0,0,8179.5
NIFTY,2-Jan-17,25-Jan-17,PE,9950,0,0,0,1181.45,0,1730.3,0,0,0,0,0,8179.5
NIFTY,2-Jan-17,25-Jan-17,PE,10000,1804,1830,1770,1790.75,1792.35,1790.75,237,2098.52,321.02,792525,-2250,8179.5
NIFTY,2-Jan-17,25-Jan-17,PE,10050,0,0,0,1276.9,0,1829.9,0,0,0,0,0,8179.5
NIFTY,2-Jan-17,25-Jan-17,PE,10100,0,0,0,1892.95,1892.95,1879.7,0,0,0,3300,0,8179.5
NIFTY,2-Jan-17,25-Jan-17,PE,10150,0,0,0,1353.4,0,1929.5,0,0,0,0,0,8179.5
NIFTY,2-Jan-17,25-Jan-17,PE,8550,0,0,0,153.35,0,365.15,0,0,0,0,0,8179.5
NIFTY,2-Jan-17,25-Jan-17,PE,8600,420.8,445.5,387.6,407.95,410,407.95,364,2460.38,112.58,632850,-3000,8179.5
NIFTY,2-Jan-17,25-Jan-17,PE,8650,0,0,0,193.95,0,452.2,0,0,0,0,0,8179.5
NIFTY,2-Jan-17,25-Jan-17,PE,8700,497.8,538.7,481,504.85,506,504.85,149,1028.55,56.33,761100,-1650,8179.5
NIFTY,2-Jan-17,25-Jan-17,PE,8750,0,0,0,240.8,0,544.1,0,0,0,0,0,8179.5
NIFTY,2-Jan-17,25-Jan-17,PE,8800,615.5,633.95,576.2,600.4,604,600.4,82,577.45,36.25,1137825,3675,8179.5
NIFTY,2-Jan-17,25-Jan-17,PE,8850,0,0,0,691,691,639.35,0,0,0,75,0,8179.5
NIFTY,2-Jan-17,25-Jan-17,PE,8900,840,840,681.5,700.1,700.1,700.1,133,963.33,75.56,797400,-4500,8179.5
NIFTY,2-Jan-17,25-Jan-17,PE,8950,0,0,0,353.2,0,736.55,0,0,0,0,0,8179.5
NIFTY,2-Jan-17,25-Jan-17,PE,9000,790.6,834.55,771,795.3,799.65,795.3,1138,8368.94,687.44,2208675,25875,8179.5
NIFTY,2-Jan-17,25-Jan-17,PE,9050,0,0,0,418.25,0,834.95,0,0,0,0,0,8179.5
NIFTY,2-Jan-17,25-Jan-17,PE,9100,894.75,897.7,894.75,896.25,897.7,896.25,2,14.99,1.34,176025,0,8179.5
NIFTY,2-Jan-17,25-Jan-17,PE,9150,0,0,0,488.65,0,933.95,0,0,0,0,0,8179.5
NIFTY,2-Jan-17,25-Jan-17,PE,9200,1013.75,1033.5,971.15,995.2,997.4,995.2,48,367.33,36.13,76800,2775,8179.5
NIFTY,2-Jan-17,25-Jan-17,PE,9250,0,0,0,564.05,0,1033.3,0,0,0,0,0,8179.5
NIFTY,2-Jan-17,25-Jan-17,PE,9300,0,0,0,1107.6,1107.6,1083.05,0,0,0,30825,0,8179.5
NIFTY,2-Jan-17,25-Jan-17,PE,9350,0,0,0,643.65,0,1132.8,0,0,0,0,0,8179.5
NIFTY,2-Jan-17,25-Jan-17,PE,9400,1188.5,1188.5,1188.5,1188.5,1188.5,1188.5,1,7.94,0.89,33150,0,8179.5
NIFTY,2-Jan-17,25-Jan-17,PE,9450,0,0,0,727,0,1232.35,0,0,0,0,0,8179.5
NIFTY,2-Jan-17,25-Jan-17,PE,9500,1285,1333.8,1280,1291.8,1293.1,1291.8,53,429.32,51.7,302550,-375,8179.5
NIFTY,2-Jan-17,25-Jan-17,PE,9550,0,0,0,813.5,0,1331.9,0,0,0,0,0,8179.5
NIFTY,2-Jan-17,25-Jan-17,PE,7450,7,7.8,6,6.5,6.5,6.5,7,39.15,0.04,600,0,8179.5
NIFTY,2-Jan-17,25-Jan-17,PE,7500,8.5,10.35,7.4,8.4,8.25,8.4,31987,180150.33,223.46,2493825,501225,8179.5
NIFTY,2-Jan-17,25-Jan-17,PE,7550,9.8,11.7,7.15,9.7,10.05,9.7,62,351.52,0.45,10950,300,8179.5
NIFTY,2-Jan-17,25-Jan-17,PE,7600,12.85,18.85,10.35,12.1,11.85,12.1,24459,139661.74,245.44,2130750,-24450,8179.5
NIFTY,2-Jan-17,25-Jan-17,PE,7650,14.1,18,12.75,14.3,14,14.3,194,1115.35,2.27,15375,5025,8179.5
NIFTY,2-Jan-17,25-Jan-17,PE,7700,18.35,22.55,15.6,17.65,17.15,17.65,34655,200640.29,507.67,2373450,-90900,8179.5
NIFTY,2-Jan-17,25-Jan-17,PE,7750,20.2,26.75,18.55,21.1,19.55,21.1,935,5450.75,16.06,107700,9375,8179.5
NIFTY,2-Jan-17,25-Jan-17,PE,7800,27.75,33.4,22,26.3,24.75,26.3,53055,311510.46,1138.71,3569175,388125,8179.5
NIFTY,2-Jan-17,25-Jan-17,PE,7850,30.35,40.25,28.25,32,31.1,32,922,5452.05,23.77,48375,-2100,8179.5
NIFTY,2-Jan-17,25-Jan-17,PE,7900,39.25,49.2,34.15,39,38.55,39,69479,413865.46,2202.38,4349100,321825,8179.5
NIFTY,2-Jan-17,25-Jan-17,PE,7950,55.1,58.5,41.1,46.55,46.35,46.55,1747,10482.87,66.38,96975,5925,8179.5
NIFTY,2-Jan-17,25-Jan-17,PE,8000,64,71,49,57.15,56.55,57.15,100721,608966.53,4640.53,5799300,36825,8179.5
NIFTY,2-Jan-17,25-Jan-17,PE,8050,57.25,84.25,57.25,68.4,67.9,68.4,3288,20032.91,181.61,182700,14850,8179.5
NIFTY,2-Jan-17,25-Jan-17,PE,8100,90.9,101,70,82.45,82.65,82.45,119922,736441.31,7915.16,3692550,290025,8179.5
NIFTY,2-Jan-17,25-Jan-17,PE,8150,92.05,122.5,82.35,99.1,98,99.1,6383,39524.68,508.59,162975,31125,8179.5
NIFTY,2-Jan-17,25-Jan-17,PE,8200,114.25,143.4,104.75,119.25,120,119.25,73872,461286.7,6973.9,2376900,87525,8179.5
NIFTY,2-Jan-17,25-Jan-17,PE,8250,140.6,168.5,127.2,141.2,141.35,141.2,787,4956.34,86.77,38325,12150,8179.5
NIFTY,2-Jan-17,25-Jan-17,PE,8300,161.65,200,153.05,170.3,170.05,170.3,11049,70267.36,1487.34,815325,-64275,8179.5
NIFTY,2-Jan-17,25-Jan-17,PE,8350,204.8,227.6,184.6,201.45,201.5,201.45,98,628.61,14.89,6150,-1200,8179.5
NIFTY,2-Jan-17,25-Jan-17,PE,8400,232,270.6,216.75,236,238.95,236,4684,30352.92,843.72,1022925,-49200,8179.5
NIFTY,2-Jan-17,25-Jan-17,PE,8450,288.35,288.35,279.95,279.95,279.95,279.95,2,13.1,0.43,750,0,8179.5
NIFTY,2-Jan-17,25-Jan-17,PE,8500,305.75,355,295.95,317.9,320.6,317.9,2963,19604.57,715.44,969600,-88350,8179.5
NIFTY,2-Jan-17,25-Jan-17,PE,6400,0,0,0,0.3,0.3,0,0,0,0,150,0,8179.5
NIFTY,2-Jan-17,25-Jan-17,PE,6450,0,0,0,1.45,0,0,0,0,0,0,0,8179.5
NIFTY,2-Jan-17,25-Jan-17,PE,6500,0.5,0.65,0.5,0.6,0.55,0.6,123,599.68,0.05,127950,375,8179.5
NIFTY,2-Jan-17,25-Jan-17,PE,6550,0,0,0,0.85,0,0,0,0,0,0,0,8179.5
NIFTY,2-Jan-17,25-Jan-17,PE,6600,0,0,0,2.6,0,0,0,0,0,0,0,8179.5
NIFTY,2-Jan-17,25-Jan-17,PE,6650,0,0,0,3.3,0,0,0,0,0,0,0,8179.5
NIFTY,2-Jan-17,25-Jan-17,PE,6700,0,0,0,1.25,1.25,0,0,0,0,600,0,8179.5
NIFTY,2-Jan-17,25-Jan-17,PE,6750,0,0,0,5.1,0,0,0,0,0,0,0,8179.5
NIFTY,2-Jan-17,25-Jan-17,PE,6800,1,1,0.7,0.7,0.7,0.7,3,15.3,0,3900,225,8179.5
NIFTY,3-Jan-17,25-Jan-17,PE,6850,0,0,0,1.9,0,0,0,0,0,0,0,8192.25
NIFTY,3-Jan-17,25-Jan-17,PE,6900,1,1.45,0.6,1.45,1.45,1.45,28,144.92,0.02,3150,-750,8192.25
NIFTY,3-Jan-17,25-Jan-17,PE,6950,0,0,0,0.1,0,0,0,0,0,0,0,8192.25
NIFTY,3-Jan-17,25-Jan-17,PE,7000,1.65,1.85,1.5,1.6,1.6,1.6,3674,19293.02,4.52,1281000,-55650,8192.25
NIFTY,3-Jan-17,25-Jan-17,PE,7050,0.35,2.5,0.35,1.6,1.6,1.6,43,227.42,0.06,74325,-750,8192.25
NIFTY,3-Jan-17,25-Jan-17,PE,7100,2.1,2.3,1.7,1.85,1.85,1.85,2217,11808.61,3.08,310950,-9000,8192.25
NIFTY,3-Jan-17,25-Jan-17,PE,7150,0,0,0,0.4,0,0.05,0,0,0,0,0,8192.25
NIFTY,3-Jan-17,25-Jan-17,PE,7200,3.95,3.95,1.9,2.45,2.45,2.45,4746,25637.29,8.89,589950,-50100,8192.25
NIFTY,3-Jan-17,25-Jan-17,PE,7250,0,0,0,0.7,0,0.05,0,0,0,0,0,8192.25
NIFTY,3-Jan-17,25-Jan-17,PE,7300,3.95,4.5,2.85,3.25,3.35,3.25,5644,30915.7,14.8,834150,25500,8192.25
NIFTY,3-Jan-17,25-Jan-17,PE,7350,0,0,0,1.3,0,0.2,0,0,0,0,0,8192.25
NIFTY,3-Jan-17,25-Jan-17,PE,7400,4,6.2,4,4.8,4.8,4.8,9892,54937.37,36.77,919725,21975,8192.25
NIFTY,3-Jan-17,25-Jan-17,PE,9600,1381.7,1381.7,1380.2,1380.2,1380.2,1380.2,3,24.71,3.11,6825,0,8192.25
NIFTY,3-Jan-17,25-Jan-17,PE,9650,0,0,0,902.65,0,1420.5,0,0,0,0,0,8192.25
NIFTY,3-Jan-17,25-Jan-17,PE,9700,0,0,0,948.1,0,1470.3,0,0,0,0,0,8192.25
NIFTY,3-Jan-17,25-Jan-17,PE,9750,0,0,0,994,0,1520.1,0,0,0,0,0,8192.25
NIFTY,3-Jan-17,25-Jan-17,PE,9800,0,0,0,1655.65,1655.65,1569.9,0,0,0,75,0,8192.25
NIFTY,3-Jan-17,25-Jan-17,PE,9850,0,0,0,1087.05,0,1619.75,0,0,0,0,0,8192.25
NIFTY,3-Jan-17,25-Jan-17,PE,9900,0,0,0,1134.1,0,1669.55,0,0,0,0,0,8192.25
NIFTY,3-Jan-17,25-Jan-17,PE,9950,0,0,0,1181.45,0,1719.35,0,0,0,0,0,8192.25
NIFTY,3-Jan-17,25-Jan-17,PE,10000,1809.3,1825.2,1761,1786.8,1791.4,1786.8,201,1777.21,269.71,794325,1800,8192.25
NIFTY,3-Jan-17,25-Jan-17,PE,10050,0,0,0,1276.9,0,1818.95,0,0,0,0,0,8192.25
NIFTY,3-Jan-17,25-Jan-17,PE,10100,1882.3,1882.3,1882.3,1882.3,1882.3,1882.3,2,17.97,2.82,3300,0,8192.25
NIFTY,3-Jan-17,25-Jan-17,PE,10150,0,0,0,1353.4,0,1918.55,0,0,0,0,0,8192.25
NIFTY,3-Jan-17,25-Jan-17,PE,8500,312.4,346,285,315,320,315,3020,19960.34,707.84,909150,-60450,8192.25
NIFTY,3-Jan-17,25-Jan-17,PE,8550,0,0,0,153.35,0,351.6,0,0,0,0,0,8192.25
NIFTY,3-Jan-17,25-Jan-17,PE,8600,423,440,377.2,402,407.95,402,1239,8372,380.45,616950,-15900,8192.25
NIFTY,3-Jan-17,25-Jan-17,PE,8650,0,0,0,193.95,0,439.1,0,0,0,0,0,8192.25
NIFTY,3-Jan-17,25-Jan-17,PE,8700,514.4,530.9,474.4,499.4,501.15,499.4,555,3826.79,205.41,739275,-21825,8192.25
NIFTY,3-Jan-17,25-Jan-17,PE,8750,0,0,0,240.8,0,531.6,0,0,0,0,0,8192.25
NIFTY,3-Jan-17,25-Jan-17,PE,8800,611.95,630.95,570,594.05,602.7,594.05,957,6738.99,422.79,1088625,-49200,8192.25
NIFTY,3-Jan-17,25-Jan-17,PE,8850,0,0,0,691,691,627.3,0,0,0,75,0,8192.25
NIFTY,3-Jan-17,25-Jan-17,PE,8900,706.6,728.6,674,695.95,705,695.95,947,6810.35,489.12,748275,-49125,8192.25
NIFTY,3-Jan-17,25-Jan-17,PE,8950,0,0,0,353.2,0,724.9,0,0,0,0,0,8192.25
NIFTY,3-Jan-17,25-Jan-17,PE,9000,810,829.95,767.4,791.8,795,791.8,1235,9061.03,724.78,2172525,-36150,8192.25
NIFTY,3-Jan-17,25-Jan-17,PE,9050,0,0,0,418.25,0,823.55,0,0,0,0,0,8192.25
NIFTY,3-Jan-17,25-Jan-17,PE,9100,917.95,917.95,872,881.35,881.35,881.35,7,52.45,4.68,175875,-150,8192.25
NIFTY,3-Jan-17,25-Jan-17,PE,9150,0,0,0,488.65,0,922.75,0,0,0,0,0,8192.25
NIFTY,3-Jan-17,25-Jan-17,PE,9200,1014,1024,966.4,988,988,988,26,198.76,19.36,77025,225,8192.25
NIFTY,3-Jan-17,25-Jan-17,PE,9250,0,0,0,564.05,0,1022.15,0,0,0,0,0,8192.25
NIFTY,3-Jan-17,25-Jan-17,PE,9300,0,0,0,1107.6,1107.6,1071.9,0,0,0,30825,0,8192.25
NIFTY,3-Jan-17,25-Jan-17,PE,9350,0,0,0,643.65,0,1121.7,0,0,0,0,0,8192.25
NIFTY,3-Jan-17,25-Jan-17,PE,9400,1182.9,1182.9,1182.9,1182.9,1182.9,1182.9,2,15.87,1.77,33000,-150,8192.25
NIFTY,3-Jan-17,25-Jan-17,PE,9450,0,0,0,727,0,1221.3,0,0,0,0,0,8192.25
NIFTY,3-Jan-17,25-Jan-17,PE,9500,1297.3,1323.65,1268.05,1292.25,1295,1292.25,228,1845.34,220.84,306000,3450,8192.25
NIFTY,3-Jan-17,25-Jan-17,PE,9550,0,0,0,813.5,0,1320.9,0,0,0,0,0,8192.25
NIFTY,3-Jan-17,25-Jan-17,PE,7450,6.5,6.5,3.55,5.35,5.6,5.35,17,95.06,0.07,450,-150,8192.25
NIFTY,3-Jan-17,25-Jan-17,PE,7500,7.1,9.5,6.25,7.55,7.5,7.55,21960,123647.79,122.79,2571525,77700,8192.25
NIFTY,3-Jan-17,25-Jan-17,PE,7550,10.35,10.55,7,8.5,8.5,8.5,87,493.19,0.55,15750,4800,8192.25
NIFTY,3-Jan-17,25-Jan-17,PE,7600,11.7,13.75,9.05,11.05,11.15,11.05,26837,153189.26,218.36,2028825,-101925,8192.25
NIFTY,3-Jan-17,25-Jan-17,PE,7650,15.4,15.85,11,12.75,13.4,12.75,311,1787.32,2.96,18450,3075,8192.25
NIFTY,3-Jan-17,25-Jan-17,PE,7700,16.25,20.1,13.3,16.25,16.75,16.25,47341,273975.69,581.41,2504400,130950,8192.25
NIFTY,3-Jan-17,25-Jan-17,PE,7750,19.75,23.85,16,19.7,20.4,19.7,2019,11765.07,29.63,82950,-24750,8192.25
NIFTY,3-Jan-17,25-Jan-17,PE,7800,24.2,30,20.05,24.6,25,24.6,61197,359117.24,1114.79,3641625,72450,8192.25
NIFTY,3-Jan-17,25-Jan-17,PE,7850,31.05,36.45,24.95,29.95,30.95,29.95,881,5207,20.11,47850,-525,8192.25
NIFTY,3-Jan-17,25-Jan-17,PE,7900,36.15,45,30,37.05,38,37.05,74141,441324.07,2038.65,4084500,-264600,8192.25
NIFTY,3-Jan-17,25-Jan-17,PE,7950,43.25,54.6,36.6,45.05,46.7,45.05,2322,13922.86,77.94,104025,7050,8192.25
NIFTY,3-Jan-17,25-Jan-17,PE,8000,53.65,66.45,44.75,55.1,57.1,55.1,117921,712288.96,4762.96,5940300,141000,8192.25
NIFTY,3-Jan-17,25-Jan-17,PE,8050,63.8,80,54.8,66.25,68.25,66.25,3415,20784.41,166.34,176850,-5850,8192.25
NIFTY,3-Jan-17,25-Jan-17,PE,8100,78.85,96.5,65.3,80.4,83,80.4,156077,957432.74,9264.96,3943500,250950,8192.25
NIFTY,3-Jan-17,25-Jan-17,PE,8150,93.05,115.8,80,97.35,99,97.35,7102,43933.75,522.77,189000,26025,8192.25
NIFTY,3-Jan-17,25-Jan-17,PE,8200,119.8,138.9,97.15,116.75,120.9,116.75,105294,656640.54,9082.44,2657475,280575,8192.25
NIFTY,3-Jan-17,25-Jan-17,PE,8250,144.1,162.7,119.45,139.3,140.6,139.3,850,5348.97,89.59,42300,3975,8192.25
NIFTY,3-Jan-17,25-Jan-17,PE,8300,164.45,195,145,167.05,173.5,167.05,15457,98125.37,1905.54,890625,75300,8192.25
NIFTY,3-Jan-17,25-Jan-17,PE,8350,206,221.8,173.45,197.15,200.85,197.15,54,346.39,8.21,6300,150,8192.25
NIFTY,3-Jan-17,25-Jan-17,PE,8400,232.45,264.55,208,233.1,238.95,233.1,4922,31856.65,848.05,1020675,-2250,8192.25
NIFTY,3-Jan-17,25-Jan-17,PE,8450,222.75,298.1,222.75,298.1,298.1,298.1,6,39.24,1.21,900,150,8192.25
NIFTY,3-Jan-17,25-Jan-17,PE,6400,0,0,0,0.3,0.3,0,0,0,0,150,0,8192.25
NIFTY,3-Jan-17,25-Jan-17,PE,6450,0,0,0,1.45,0,0,0,0,0,0,0,8192.25
NIFTY,3-Jan-17,25-Jan-17,PE,6500,0.65,0.65,0.45,0.55,0.5,0.55,304,1482.12,0.12,125700,-2250,8192.25
NIFTY,3-Jan-17,25-Jan-17,PE,6550,0,0,0,0.85,0,0,0,0,0,0,0,8192.25
NIFTY,3-Jan-17,25-Jan-17,PE,6600,0,0,0,2.6,0,0,0,0,0,0,0,8192.25
NIFTY,3-Jan-17,25-Jan-17,PE,6650,0,0,0,3.3,0,0,0,0,0,0,0,8192.25
NIFTY,3-Jan-17,25-Jan-17,PE,6700,0,0,0,1.25,1.25,0,0,0,0,600,0,8192.25
NIFTY,3-Jan-17,25-Jan-17,PE,6750,0,0,0,5.1,0,0,0,0,0,0,0,8192.25
NIFTY,3-Jan-17,25-Jan-17,PE,6800,0,0,0,0.7,0.7,0,0,0,0,3900,0,8192.25
NIFTY,4-Jan-17,25-Jan-17,PE,9600,0,0,0,1380.2,1380.2,1374.05,0,0,0,6825,0,8190.5
NIFTY,4-Jan-17,25-Jan-17,PE,9650,0,0,0,902.65,0,1423.9,0,0,0,0,0,8190.5
NIFTY,4-Jan-17,25-Jan-17,PE,9700,0,0,0,948.1,0,1473.7,0,0,0,0,0,8190.5
NIFTY,4-Jan-17,25-Jan-17,PE,9750,0,0,0,994,0,1523.5,0,0,0,0,0,8190.5
NIFTY,4-Jan-17,25-Jan-17,PE,9800,0,0,0,1655.65,1655.65,1573.35,0,0,0,75,0,8190.5
NIFTY,4-Jan-17,25-Jan-17,PE,9850,0,0,0,1087.05,0,1623.15,0,0,0,0,0,8190.5
NIFTY,4-Jan-17,25-Jan-17,PE,9900,0,0,0,1134.1,0,1672.95,0,0,0,0,0,8190.5
NIFTY,4-Jan-17,25-Jan-17,PE,9950,0,0,0,1181.45,0,1722.8,0,0,0,0,0,8190.5
NIFTY,4-Jan-17,25-Jan-17,PE,10000,1780,1796,1770,1780.25,1785,1780.25,91,804.01,121.51,795750,1425,8190.5
NIFTY,4-Jan-17,25-Jan-17,PE,10050,0,0,0,1276.9,0,1822.4,0,0,0,0,0,8190.5
NIFTY,4-Jan-17,25-Jan-17,PE,10100,0,0,0,1882.3,1882.3,1872.2,0,0,0,3300,0,8190.5
NIFTY,4-Jan-17,25-Jan-17,PE,10150,0,0,0,1353.4,0,1922.05,0,0,0,0,0,8190.5
NIFTY,4-Jan-17,25-Jan-17,PE,8550,0,0,0,153.35,0,350.3,0,0,0,0,0,8190.5
NIFTY,4-Jan-17,25-Jan-17,PE,8600,384.8,410.05,380.25,395.35,395,395.35,1461,9854.92,431.47,594975,-21975,8190.5
NIFTY,4-Jan-17,25-Jan-17,PE,8650,0,0,0,193.95,0,439.25,0,0,0,0,0,8190.5
NIFTY,4-Jan-17,25-Jan-17,PE,8700,483,506.75,478,492.6,492.2,492.6,666,4590.42,244.77,702450,-36825,8190.5
NIFTY,4-Jan-17,25-Jan-17,PE,8750,0,0,0,240.8,0,532.9,0,0,0,0,0,8190.5
NIFTY,4-Jan-17,25-Jan-17,PE,8800,583.55,607.5,574,589.9,592.3,589.9,909,6404.59,405.19,1026975,-61650,8190.5
NIFTY,4-Jan-17,25-Jan-17,PE,8850,0,0,0,691,691,629.45,0,0,0,75,0,8190.5
NIFTY,4-Jan-17,25-Jan-17,PE,8900,684.5,707,673.75,692.3,689.95,692.3,1011,7274.98,526.55,696450,-51825,8190.5
NIFTY,4-Jan-17,25-Jan-17,PE,8950,0,0,0,353.2,0,727.55,0,0,0,0,0,8190.5
NIFTY,4-Jan-17,25-Jan-17,PE,9000,773.45,801.45,770,787.35,790,787.35,1349,9898.66,792.91,2124750,-47775,8190.5
NIFTY,4-Jan-17,25-Jan-17,PE,9050,0,0,0,418.25,0,826.55,0,0,0,0,0,8190.5
NIFTY,4-Jan-17,25-Jan-17,PE,9100,867.65,887.85,867.65,887.8,887.75,887.8,14,104.81,9.26,175950,75,8190.5
NIFTY,4-Jan-17,25-Jan-17,PE,9150,0,0,0,488.65,0,925.9,0,0,0,0,0,8190.5
NIFTY,4-Jan-17,25-Jan-17,PE,9200,999,999,976,985,985,985,13,99.31,9.61,76800,-225,8190.5
NIFTY,4-Jan-17,25-Jan-17,PE,9250,0,0,0,564.05,0,1025.4,0,0,0,0,0,8190.5
NIFTY,4-Jan-17,25-Jan-17,PE,9300,1080,1080,1080,1080,1080,1080,1,7.79,0.81,30825,0,8190.5
NIFTY,4-Jan-17,25-Jan-17,PE,9350,0,0,0,643.65,0,1125,0,0,0,0,0,8190.5
NIFTY,4-Jan-17,25-Jan-17,PE,9400,1186.05,1188.5,1184.15,1184.25,1184.25,1184.25,7,55.58,6.23,32475,-525,8190.5
NIFTY,4-Jan-17,25-Jan-17,PE,9450,0,0,0,727,0,1224.65,0,0,0,0,0,8190.5
NIFTY,4-Jan-17,25-Jan-17,PE,9500,1285,1293.4,1267.35,1285.35,1287,1285.35,80,647.01,77.01,304125,-1875,8190.5
NIFTY,4-Jan-17,25-Jan-17,PE,9550,0,0,0,813.5,0,1324.25,0,0,0,0,0,8190.5
NIFTY,4-Jan-17,25-Jan-17,PE,7500,7.35,7.35,6.15,6.7,6.5,6.7,13919,78364.01,69.63,2705100,133575,8190.5
NIFTY,4-Jan-17,25-Jan-17,PE,7550,9.5,10,8,8,8,8,12,68.03,0.08,15450,-300,8190.5
NIFTY,4-Jan-17,25-Jan-17,PE,7600,10.3,10.55,9.15,9.85,9.7,9.85,15645,89291.7,115.2,2087550,58725,8190.5
NIFTY,4-Jan-17,25-Jan-17,PE,7650,11.7,12.65,11.2,11.8,11.55,11.8,94,540.17,0.84,20175,1725,8190.5
NIFTY,4-Jan-17,25-Jan-17,PE,7700,15.45,15.85,13.85,14.65,14.35,14.65,26129,151183.19,288.22,2505825,1425,8190.5
NIFTY,4-Jan-17,25-Jan-17,PE,7750,18.4,19.45,16.5,17.75,16.5,17.75,585,3408.07,7.76,95475,12525,8190.5
NIFTY,4-Jan-17,25-Jan-17,PE,7800,22.65,24.4,21.2,22.35,21.5,22.35,47286,277420.37,797.27,3735225,93600,8190.5
NIFTY,4-Jan-17,25-Jan-17,PE,7850,30.95,30.95,25.9,27.15,26.3,27.15,318,1878.82,6.59,50700,2850,8190.5
NIFTY,4-Jan-17,25-Jan-17,PE,7900,34.8,37.4,32,33.75,32.8,33.75,57185,340282.78,1461.65,3911550,-172950,8190.5
NIFTY,4-Jan-17,25-Jan-17,PE,7950,41.45,45.35,38.95,41.6,40.2,41.6,1039,6227.44,32.41,115800,11775,8190.5
NIFTY,4-Jan-17,25-Jan-17,PE,8000,52.95,56,48.25,50.7,49.5,50.7,77690,469129.18,2989.18,6125775,185475,8190.5
NIFTY,4-Jan-17,25-Jan-17,PE,8050,64.15,67.55,59,61.85,60.9,61.85,1986,12083.56,93.09,186900,10050,8190.5
NIFTY,4-Jan-17,25-Jan-17,PE,8100,75.35,82,71,74.95,72.9,74.95,90967,557787.06,5162.54,4314075,370575,8190.5
NIFTY,4-Jan-17,25-Jan-17,PE,8150,90.05,98.9,86,91.1,89.5,91.1,4008,24775.1,276.2,228000,39000,8190.5
NIFTY,4-Jan-17,25-Jan-17,PE,8200,111,119.8,103.25,110.2,108.25,110.2,85620,533645.99,7082.99,3070125,412650,8190.5
NIFTY,4-Jan-17,25-Jan-17,PE,8250,133,142,124.1,131.95,129,131.95,825,5186.96,82.27,48225,5925,8190.5
NIFTY,4-Jan-17,25-Jan-17,PE,8300,161.3,171.5,148.3,159.2,157,159.2,12621,80068.7,1502.97,923850,33225,8190.5
NIFTY,4-Jan-17,25-Jan-17,PE,8350,186.05,199,182,197,197,197,30,192.04,4.16,7125,825,8190.5
NIFTY,4-Jan-17,25-Jan-17,PE,8400,226.5,238,211.55,224.35,221.05,224.35,4661,30135.11,770.81,1097325,76650,8190.5
NIFTY,4-Jan-17,25-Jan-17,PE,8450,264,264.35,264,264.2,264.35,264.2,2,13.07,0.4,975,75,8190.5
NIFTY,4-Jan-17,25-Jan-17,PE,8500,307.95,321,290,305.5,303,305.5,2688,17744.62,608.62,860250,-48900,8190.5
NIFTY,4-Jan-17,25-Jan-17,PE,6400,0,0,0,0.3,0.3,0,0,0,0,150,0,8190.5
NIFTY,4-Jan-17,25-Jan-17,PE,6450,0,0,0,1.45,0,0,0,0,0,0,0,8190.5
NIFTY,4-Jan-17,25-Jan-17,PE,6500,0.45,0.5,0.4,0.5,0.45,0.5,124,604.54,0.04,124875,-825,8190.5
NIFTY,4-Jan-17,25-Jan-17,PE,6550,0,0,0,0.85,0,0,0,0,0,0,0,8190.5
NIFTY,4-Jan-17,25-Jan-17,PE,6600,0,0,0,2.6,0,0,0,0,0,0,0,8190.5
NIFTY,4-Jan-17,25-Jan-17,PE,6650,0,0,0,3.3,0,0,0,0,0,0,0,8190.5
NIFTY,4-Jan-17,25-Jan-17,PE,6700,0,0,0,1.25,1.25,0,0,0,0,600,0,8190.5
NIFTY,4-Jan-17,25-Jan-17,PE,6750,0,0,0,5.1,0,0,0,0,0,0,0,8190.5
NIFTY,4-Jan-17,25-Jan-17,PE,6800,0,0,0,0.7,0.7,0,0,0,0,3900,0,8190.5
NIFTY,4-Jan-17,25-Jan-17,PE,6850,0,0,0,1.9,0,0,0,0,0,0,0,8190.5
NIFTY,4-Jan-17,25-Jan-17,PE,6900,0,0,0,1.45,1.45,0,0,0,0,3150,0,8190.5
NIFTY,4-Jan-17,25-Jan-17,PE,6950,0,0,0,0.1,0,0,0,0,0,0,0,8190.5
NIFTY,4-Jan-17,25-Jan-17,PE,7000,1.4,1.55,1.2,1.5,1.55,1.5,1169,6138.51,1.26,1286850,5850,8190.5
NIFTY,4-Jan-17,25-Jan-17,PE,7050,1.75,2,1.25,1.8,2,1.8,10,52.89,0.01,74250,-75,8190.5
NIFTY,4-Jan-17,25-Jan-17,PE,7100,1.6,1.9,1.6,1.85,1.75,1.85,729,3882.9,0.97,306450,-4500,8190.5
NIFTY,4-Jan-17,25-Jan-17,PE,7150,0,0,0,0.4,0,0,0,0,0,0,0,8190.5
NIFTY,4-Jan-17,25-Jan-17,PE,7200,2.15,2.35,2,2.3,2.2,2.3,1801,9728.42,3.02,589725,-225,8190.5
NIFTY,4-Jan-17,25-Jan-17,PE,7250,0,0,0,0.7,0,0.05,0,0,0,0,0,8190.5
NIFTY,4-Jan-17,25-Jan-17,PE,7300,3,3.3,2.65,2.95,2.85,2.95,4112,22522.39,9.19,810600,-23550,8190.5
NIFTY,4-Jan-17,25-Jan-17,PE,7350,0,0,0,1.3,0,0.1,0,0,0,0,0,8190.5
NIFTY,4-Jan-17,25-Jan-17,PE,7400,5.05,5.05,3.95,4.2,4.15,4.2,5009,27815.93,15.98,949200,29475,8190.5
NIFTY,4-Jan-17,25-Jan-17,PE,7450,5.5,5.5,5.5,5.5,5.5,5.5,8,44.73,0.03,1050,600,8190.5
NIFTY,5-Jan-17,25-Jan-17,PE,6400,0,0,0,0.3,0.3,0,0,0,0,150,0,8273.8
NIFTY,5-Jan-17,25-Jan-17,PE,6450,0,0,0,1.45,0,0,0,0,0,0,0,8273.8
NIFTY,5-Jan-17,25-Jan-17,PE,6500,0.45,0.55,0.45,0.45,0.45,0.45,462,2252.42,0.17,127200,2325,8273.8
NIFTY,5-Jan-17,25-Jan-17,PE,6550,0,0,0,0.85,0,0,0,0,0,0,0,8273.8
NIFTY,5-Jan-17,25-Jan-17,PE,6600,0,0,0,2.6,0,0,0,0,0,0,0,8273.8
NIFTY,5-Jan-17,25-Jan-17,PE,6650,0,0,0,3.3,0,0,0,0,0,0,0,8273.8
NIFTY,5-Jan-17,25-Jan-17,PE,6700,0.2,1,0.2,1,1,1,5,25.13,0,375,-225,8273.8
NIFTY,5-Jan-17,25-Jan-17,PE,6750,0,0,0,5.1,0,0,0,0,0,0,0,8273.8
NIFTY,5-Jan-17,25-Jan-17,PE,6800,0,0,0,0.7,0.7,0,0,0,0,3900,0,8273.8
NIFTY,5-Jan-17,25-Jan-17,PE,6850,0,0,0,1.9,0,0,0,0,0,0,0,8273.8
NIFTY,5-Jan-17,25-Jan-17,PE,6900,0.75,0.75,0.75,0.75,0.75,0.75,20,103.51,0.01,2400,-750,8273.8
NIFTY,5-Jan-17,25-Jan-17,PE,6950,0,0,0,0.1,0,0,0,0,0,0,0,8273.8
NIFTY,5-Jan-17,25-Jan-17,PE,7000,1.25,1.55,1.1,1.15,1.1,1.15,2337,12271.45,2.2,1303200,16350,8273.8
NIFTY,5-Jan-17,25-Jan-17,PE,7050,1.75,1.75,1,1.55,1.55,1.55,47,248.56,0.05,74175,-75,8273.8
NIFTY,5-Jan-17,25-Jan-17,PE,7100,1.5,1.7,1.25,1.35,1.25,1.35,736,3920,0.8,293325,-13125,8273.8
NIFTY,5-Jan-17,25-Jan-17,PE,7150,0,0,0,0.4,0,0,0,0,0,0,0,8273.8
NIFTY,5-Jan-17,25-Jan-17,PE,7200,1.75,2.1,1.5,1.6,1.55,1.6,2894,15631.47,3.87,608250,18525,8273.8
NIFTY,5-Jan-17,25-Jan-17,PE,7250,0,0,0,0.7,0,0.05,0,0,0,0,0,8273.8
NIFTY,5-Jan-17,25-Jan-17,PE,7300,1.4,2.85,1.4,2,1.95,2,5290,28971.59,8.84,738675,-71925,8273.8
NIFTY,5-Jan-17,25-Jan-17,PE,7350,0,0,0,1.3,0,0.05,0,0,0,0,0,8273.8
NIFTY,5-Jan-17,25-Jan-17,PE,7400,3.9,3.9,2.55,2.7,2.6,2.7,10905,60546.8,24.05,880425,-68775,8273.8
NIFTY,5-Jan-17,25-Jan-17,PE,7450,3.35,3.35,3.35,3.35,3.35,3.35,2,11.18,0.01,1200,150,8273.8
NIFTY,5-Jan-17,25-Jan-17,PE,7500,5.05,5.8,3.75,4.05,3.85,4.05,31866,179351.44,105.19,3045150,340050,8273.8
NIFTY,5-Jan-17,25-Jan-17,PE,7550,4.8,5.25,4.25,4.5,4.5,4.5,138,781.9,0.48,17100,1650,8273.8
NIFTY,5-Jan-17,25-Jan-17,PE,7600,8.05,8.5,4.95,5.55,5.1,5.55,28317,161536.62,129.72,1929900,-157650,8273.8
NIFTY,5-Jan-17,25-Jan-17,PE,7650,11,11,6.25,6.7,6.45,6.7,235,1349.55,1.24,23475,3300,8273.8
NIFTY,5-Jan-17,25-Jan-17,PE,7700,10.3,12.85,7.3,7.95,7.6,7.95,50991,294815.17,342.15,2036550,-469275,8273.8
NIFTY,5-Jan-17,25-Jan-17,PE,7750,14.75,15,9,9.6,9.35,9.6,1299,7560.94,10.51,98025,2550,8273.8
NIFTY,5-Jan-17,25-Jan-17,PE,7800,18.95,18.95,11.4,12.2,11.65,12.2,67172,393639.22,683.02,3173700,-561525,8273.8
NIFTY,5-Jan-17,25-Jan-17,PE,7850,21.15,22.4,14,14.8,14.5,14.8,1730,10207.05,21.68,85275,34575,8273.8
NIFTY,5-Jan-17,25-Jan-17,PE,7900,28,29.75,17.65,18.7,18.2,18.7,95224,565686.92,1484.72,3589050,-322500,8273.8
NIFTY,5-Jan-17,25-Jan-17,PE,7950,35,35,21.95,23.1,22.15,23.1,2113,12640.6,41.84,129450,13650,8273.8
NIFTY,5-Jan-17,25-Jan-17,PE,8000,43.95,44,27.6,29.05,28.45,29.05,139669,841382.5,3368.5,6266250,140475,8273.8
NIFTY,5-Jan-17,25-Jan-17,PE,8050,47.1,51.95,30,35.45,30,35.45,6527,39605.31,198.55,257550,70650,8273.8
NIFTY,5-Jan-17,25-Jan-17,PE,8100,64.7,64.7,42.75,44.85,43.9,44.85,154115,942010.05,5761.43,3985050,-329025,8273.8
NIFTY,5-Jan-17,25-Jan-17,PE,8150,78,78.05,53.3,55.8,54.95,55.8,6256,38528.18,288.38,308625,80625,8273.8
NIFTY,5-Jan-17,25-Jan-17,PE,8200,96.2,98.95,65.45,69.05,68.5,69.05,167283,1038269.34,9478.89,4398150,1328025,8273.8
NIFTY,5-Jan-17,25-Jan-17,PE,8250,121.95,121.95,82,86,85.4,86,7773,48634.19,538.75,218325,170100,8273.8
NIFTY,5-Jan-17,25-Jan-17,PE,8300,139.95,142.1,101.65,105.85,105.75,105.85,68270,430760.06,5779.31,1802025,878175,8273.8
NIFTY,5-Jan-17,25-Jan-17,PE,8350,160,162.05,125,128.85,128.75,128.85,781,4971.72,80.7,34950,27825,8273.8
NIFTY,5-Jan-17,25-Jan-17,PE,8400,197.2,201.45,152.9,159.45,158.75,159.45,12386,79611.3,1579.5,1192500,95175,8273.8
NIFTY,5-Jan-17,25-Jan-17,PE,8450,216,218,186.95,192.05,196.1,192.05,160,1038.58,24.58,7650,6675,8273.8
NIFTY,5-Jan-17,25-Jan-17,PE,8500,274.65,277,223.5,231.9,232.5,231.9,5065,33218.01,928.64,803925,-56325,8273.8
NIFTY,5-Jan-17,25-Jan-17,PE,8550,0,0,0,153.35,0,282.75,0,0,0,0,0,8273.8
NIFTY,5-Jan-17,25-Jan-17,PE,8600,360,361.7,307,317.25,316.3,317.25,2040,13669,511,552675,-42300,8273.8
NIFTY,5-Jan-17,25-Jan-17,PE,8650,0,0,0,193.95,0,366.05,0,0,0,0,0,8273.8
NIFTY,5-Jan-17,25-Jan-17,PE,8700,453.1,460,401.3,406.4,412.75,406.4,835,5720.1,271.73,669600,-32850,8273.8
NIFTY,5-Jan-17,25-Jan-17,PE,8750,0,0,0,240.8,0,455.95,0,0,0,0,0,8273.8
NIFTY,5-Jan-17,25-Jan-17,PE,8800,557.2,557.2,500,505.05,509.9,505.05,1477,10326.74,578.54,937875,-89100,8273.8
NIFTY,5-Jan-17,25-Jan-17,PE,8850,0,0,0,691,691,550.2,0,0,0,75,0,8273.8
NIFTY,5-Jan-17,25-Jan-17,PE,8900,650,651,600.75,604.35,609.5,604.35,2262,16142.64,1043.79,579075,-117375,8273.8
NIFTY,5-Jan-17,25-Jan-17,PE,8950,0,0,0,353.2,0,647.05,0,0,0,0,0,8273.8
NIFTY,5-Jan-17,25-Jan-17,PE,9000,771.55,779,697.2,704.2,706,704.2,3111,22663.64,1664.39,2019150,-105600,8273.8
NIFTY,5-Jan-17,25-Jan-17,PE,9050,0,0,0,418.25,0,745.4,0,0,0,0,0,8273.8
NIFTY,5-Jan-17,25-Jan-17,PE,9100,854,854,795.25,803.2,808.65,803.2,26,193.29,15.84,176325,375,8273.8
NIFTY,5-Jan-17,25-Jan-17,PE,9150,0,0,0,488.65,0,844.45,0,0,0,0,0,8273.8
NIFTY,5-Jan-17,25-Jan-17,PE,9200,940,940,891,894,900.65,894,67,507.41,45.11,80400,3600,8273.8
NIFTY,5-Jan-17,25-Jan-17,PE,9250,0,0,0,564.05,0,943.9,0,0,0,0,0,8273.8
NIFTY,5-Jan-17,25-Jan-17,PE,9300,1044.75,1045,1030.2,1030.2,1030.2,1030.2,3,23.26,2.34,30600,-225,8273.8
NIFTY,5-Jan-17,25-Jan-17,PE,9350,0,0,0,643.65,0,1043.45,0,0,0,0,0,8273.8
NIFTY,5-Jan-17,25-Jan-17,PE,9400,1132.45,1132.45,1132.45,1132.45,1132.45,1132.45,1,7.9,0.85,32400,-75,8273.8
NIFTY,5-Jan-17,25-Jan-17,PE,9450,0,0,0,727,0,1143.05,0,0,0,0,0,8273.8
NIFTY,5-Jan-17,25-Jan-17,PE,9500,1248,1250,1196.25,1204.65,1210.8,1204.65,345,2773.12,314.99,288000,-16125,8273.8
NIFTY,5-Jan-17,25-Jan-17,PE,9550,0,0,0,813.5,0,1242.7,0,0,0,0,0,8273.8
NIFTY,5-Jan-17,25-Jan-17,PE,9600,1324.35,1324.35,1306,1306,1306,1306,3,24.57,2.97,6750,-75,8273.8
NIFTY,5-Jan-17,25-Jan-17,PE,9650,0,0,0,902.65,0,1342.35,0,0,0,0,0,8273.8
NIFTY,5-Jan-17,25-Jan-17,PE,9700,0,0,0,948.1,0,1392.15,0,0,0,0,0,8273.8
NIFTY,5-Jan-17,25-Jan-17,PE,9750,0,0,0,994,0,1442,0,0,0,0,0,8273.8
NIFTY,5-Jan-17,25-Jan-17,PE,9800,0,0,0,1655.65,1655.65,1491.8,0,0,0,75,0,8273.8
NIFTY,5-Jan-17,25-Jan-17,PE,9850,0,0,0,1087.05,0,1541.65,0,0,0,0,0,8273.8
NIFTY,5-Jan-17,25-Jan-17,PE,9900,0,0,0,1134.1,0,1591.45,0,0,0,0,0,8273.8
NIFTY,5-Jan-17,25-Jan-17,PE,9950,0,0,0,1181.45,0,1641.3,0,0,0,0,0,8273.8
NIFTY,5-Jan-17,25-Jan-17,PE,10000,1755,1759,1691,1697,1699,1697,526,4622.43,677.43,786450,-9300,8273.8
NIFTY,5-Jan-17,25-Jan-17,PE,10050,0,0,0,1276.9,0,1740.95,0,0,0,0,0,8273.8
NIFTY,5-Jan-17,25-Jan-17,PE,10100,1815,1815,1804,1804,1804,1804,14,125.1,19.05,3300,0,8273.8
NIFTY,5-Jan-17,25-Jan-17,PE,10150,0,0,0,1353.4,0,1840.6,0,0,0,0,0,8273.8
NIFTY,6-Jan-17,25-Jan-17,PE,9600,1310,1320,1310,1320,1320,1320,4,32.75,3.95,7050,300,8243.8
NIFTY,6-Jan-17,25-Jan-17,PE,9650,0,0,0,902.65,0,1373.9,0,0,0,0,0,8243.8
NIFTY,6-Jan-17,25-Jan-17,PE,9700,0,0,0,948.1,0,1423.75,0,0,0,0,0,8243.8
NIFTY,6-Jan-17,25-Jan-17,PE,9750,0,0,0,994,0,1473.6,0,0,0,0,0,8243.8
NIFTY,6-Jan-17,25-Jan-17,PE,9800,0,0,0,1655.65,1655.65,1523.4,0,0,0,75,0,8243.8
NIFTY,6-Jan-17,25-Jan-17,PE,9850,0,0,0,1087.05,0,1573.25,0,0,0,0,0,8243.8
NIFTY,6-Jan-17,25-Jan-17,PE,9900,0,0,0,1134.1,0,1623.1,0,0,0,0,0,8243.8
NIFTY,6-Jan-17,25-Jan-17,PE,9950,0,0,0,1181.45,0,1672.9,0,0,0,0,0,8243.8
NIFTY,6-Jan-17,25-Jan-17,PE,10000,1694.55,1727.9,1662,1715.75,1715.5,1715.75,281,2463.13,355.63,783750,-2700,8243.8
NIFTY,6-Jan-17,25-Jan-17,PE,10050,0,0,0,1276.9,0,1772.6,0,0,0,0,0,8243.8
NIFTY,6-Jan-17,25-Jan-17,PE,10100,1804.25,1804.25,1804.25,1804.25,1804.25,1804.25,1,8.93,1.35,3225,-75,8243.8
NIFTY,6-Jan-17,25-Jan-17,PE,10150,0,0,0,1353.4,0,1872.25,0,0,0,0,0,8243.8
NIFTY,6-Jan-17,25-Jan-17,PE,6400,0,0,0,0.3,0.3,0,0,0,0,150,0,8243.8
NIFTY,6-Jan-17,25-Jan-17,PE,6450,0,0,0,1.45,0,0,0,0,0,0,0,8243.8
NIFTY,6-Jan-17,25-Jan-17,PE,6500,0.45,0.5,0.4,0.4,0.4,0.4,176,858.06,0.06,121050,-6150,8243.8
NIFTY,6-Jan-17,25-Jan-17,PE,6550,0,0,0,0.85,0,0,0,0,0,0,0,8243.8
NIFTY,6-Jan-17,25-Jan-17,PE,6600,0,0,0,2.6,0,0,0,0,0,0,0,8243.8
NIFTY,6-Jan-17,25-Jan-17,PE,6650,0,0,0,3.3,0,0,0,0,0,0,0,8243.8
NIFTY,6-Jan-17,25-Jan-17,PE,6700,0.5,0.5,0.5,0.5,0.5,0.5,1,5.03,0,375,0,8243.8
NIFTY,6-Jan-17,25-Jan-17,PE,6750,0,0,0,5.1,0,0,0,0,0,0,0,8243.8
NIFTY,6-Jan-17,25-Jan-17,PE,6800,0,0,0,0.7,0.7,0,0,0,0,3900,0,8243.8
NIFTY,6-Jan-17,25-Jan-17,PE,6850,0,0,0,1.9,0,0,0,0,0,0,0,8243.8
NIFTY,6-Jan-17,25-Jan-17,PE,6900,0.8,0.8,0.75,0.75,0.75,0.75,3,15.53,0,2325,-75,8243.8
NIFTY,6-Jan-17,25-Jan-17,PE,6950,0,0,0,0.1,0,0,0,0,0,0,0,8243.8
NIFTY,6-Jan-17,25-Jan-17,PE,7000,1.05,1.1,0.85,0.95,0.85,0.95,1863,9782.08,1.33,1298250,-4950,8243.8
NIFTY,6-Jan-17,25-Jan-17,PE,7050,1.05,1.3,1.05,1.1,1.1,1.1,34,179.81,0.03,74175,0,8243.8
NIFTY,6-Jan-17,25-Jan-17,PE,7100,1.15,1.2,0.95,1,0.95,1,1269,6758.45,1.02,272625,-20700,8243.8
NIFTY,6-Jan-17,25-Jan-17,PE,7150,0,0,0,0.4,0,0,0,0,0,0,0,8243.8
NIFTY,6-Jan-17,25-Jan-17,PE,7200,1.6,1.6,1.25,1.3,1.25,1.3,1760,9505.8,1.8,602325,-5925,8243.8
NIFTY,6-Jan-17,25-Jan-17,PE,7250,0,0,0,0.7,0,0,0,0,0,0,0,8243.8
NIFTY,6-Jan-17,25-Jan-17,PE,7300,1.8,1.95,1.45,1.6,1.45,1.6,4091,22403.55,5.33,754275,15600,8243.8
NIFTY,6-Jan-17,25-Jan-17,PE,7350,0,0,0,1.3,0,0.05,0,0,0,0,0,8243.8
NIFTY,6-Jan-17,25-Jan-17,PE,7400,2.35,2.7,2.05,2.15,2.05,2.15,4515,25065.95,7.7,868875,-11550,8243.8
NIFTY,6-Jan-17,25-Jan-17,PE,7450,3.65,3.65,3.65,3.65,3.65,3.65,2,11.18,0.01,1125,-75,8243.8
NIFTY,6-Jan-17,25-Jan-17,PE,7500,3.55,3.75,3.1,3.25,3.15,3.25,18007,101335.25,45.87,2933700,-111450,8243.8
NIFTY,6-Jan-17,25-Jan-17,PE,7550,3.95,4,3.25,3.4,3.5,3.4,12,67.99,0.04,17700,600,8243.8
NIFTY,6-Jan-17,25-Jan-17,PE,7600,4.3,4.95,4.05,4.3,4.2,4.3,17828,101679.14,59.54,1784550,-145350,8243.8
NIFTY,6-Jan-17,25-Jan-17,PE,7650,5.5,6.1,5,5.2,5.1,5.2,290,1665.07,1.19,29025,5550,8243.8
NIFTY,6-Jan-17,25-Jan-17,PE,7700,6.2,7.25,5.8,6.3,6.25,6.3,29114,168274.12,140.77,2598075,561525,8243.8
NIFTY,6-Jan-17,25-Jan-17,PE,7750,8.2,9.05,7.35,8.25,8.1,8.25,1589,9245.91,9.85,43950,-54075,8243.8
NIFTY,6-Jan-17,25-Jan-17,PE,7800,11.65,11.8,8.8,10.6,10.5,10.6,46221,270752.61,359.76,3143775,-29925,8243.8
NIFTY,6-Jan-17,25-Jan-17,PE,7850,12.7,14.4,10.75,13.45,12.85,13.45,1139,6716.78,10.91,75750,-9525,8243.8
NIFTY,6-Jan-17,25-Jan-17,PE,7900,18.55,18.6,13.6,17.15,16.9,17.15,71828,426465.01,884.11,3505350,-83700,8243.8
NIFTY,6-Jan-17,25-Jan-17,PE,7950,20.15,23.25,16.9,21.75,21.05,21.75,2330,13928.3,35.68,160200,30750,8243.8
NIFTY,6-Jan-17,25-Jan-17,PE,8000,25.25,29.95,21.25,28.1,27.5,28.1,103002,620030.91,2018.91,6271200,4950,8243.8
NIFTY,6-Jan-17,25-Jan-17,PE,8050,32.2,37.05,26.3,34.55,34.1,34.55,2886,17494.5,70.27,240825,-16725,8243.8
NIFTY,6-Jan-17,25-Jan-17,PE,8100,43.9,47.3,33.25,44.4,43.7,44.4,103243,630375.99,3174.77,4279575,294525,8243.8
NIFTY,6-Jan-17,25-Jan-17,PE,8150,47.95,59.35,41.9,56.4,55,56.4,5422,33350.54,208.57,285000,-23625,8243.8
NIFTY,6-Jan-17,25-Jan-17,PE,8200,62.9,74.5,52.1,70.15,69.5,70.15,165310,1024635.75,7979.25,4594125,195975,8243.8
NIFTY,6-Jan-17,25-Jan-17,PE,8250,84.95,92.85,66.4,88.55,86.5,88.55,9268,57915.79,570.04,233400,15075,8243.8
NIFTY,6-Jan-17,25-Jan-17,PE,8300,97,116.5,82.85,110.7,110,110.7,122841,773983.26,9298.04,2547750,745725,8243.8
NIFTY,6-Jan-17,25-Jan-17,PE,8350,119.85,144.5,105.05,138.2,138.35,138.2,1564,9940.85,146.3,67275,32325,8243.8
NIFTY,6-Jan-17,25-Jan-17,PE,8400,145.1,177.9,130.15,168.75,167.1,168.75,23457,150496.41,2717.31,1330500,138000,8243.8
NIFTY,6-Jan-17,25-Jan-17,PE,8450,181.3,213.05,160.1,208,201.15,208,230,1489.01,31.38,14475,6825,8243.8
NIFTY,6-Jan-17,25-Jan-17,PE,8500,220,255.75,196.5,246.25,245,246.25,5109,33416.82,846.95,781725,-22200,8243.8
NIFTY,6-Jan-17,25-Jan-17,PE,8550,276.65,291.3,269.95,287.5,291.3,287.5,11,72.82,2.28,75,75,8243.8
NIFTY,6-Jan-17,25-Jan-17,PE,8600,298,344.15,280,334.85,331.7,334.85,1724,11521.3,401.5,522825,-29850,8243.8
NIFTY,6-Jan-17,25-Jan-17,PE,8650,0,0,0,193.95,0,390.85,0,0,0,0,0,8243.8
NIFTY,6-Jan-17,25-Jan-17,PE,8700,390,438,371.35,432.5,427.9,432.5,1116,7618.92,337.02,626475,-43125,8243.8
NIFTY,6-Jan-17,25-Jan-17,PE,8750,0,0,0,240.8,0,483.45,0,0,0,0,0,8243.8
NIFTY,6-Jan-17,25-Jan-17,PE,8800,489,535.2,470,526.25,522.8,526.25,796,5547.67,294.07,934875,-3000,8243.8
NIFTY,6-Jan-17,25-Jan-17,PE,8850,0,0,0,691,691,579.45,0,0,0,75,0,8243.8
NIFTY,6-Jan-17,25-Jan-17,PE,8900,588,636.1,568.55,629,629.75,629,1735,12383.89,802.76,530175,-48900,8243.8
NIFTY,6-Jan-17,25-Jan-17,PE,8950,0,0,0,353.2,0,677.45,0,0,0,0,0,8243.8
NIFTY,6-Jan-17,25-Jan-17,PE,9000,694.15,732.9,666,725.5,722.4,725.5,2922,21272.54,1549.04,1873950,-145200,8243.8
NIFTY,6-Jan-17,25-Jan-17,PE,9050,0,0,0,418.25,0,776.4,0,0,0,0,0,8243.8
NIFTY,6-Jan-17,25-Jan-17,PE,9100,778,825.5,767,820.1,819.65,820.1,40,296.9,23.9,175350,-975,8243.8
NIFTY,6-Jan-17,25-Jan-17,PE,9150,0,0,0,488.65,0,875.75,0,0,0,0,0,8243.8
NIFTY,6-Jan-17,25-Jan-17,PE,9200,882.75,931,872.95,925.8,920,925.8,61,462.49,41.59,78300,-2100,8243.8
NIFTY,6-Jan-17,25-Jan-17,PE,9250,0,0,0,564.05,0,975.3,0,0,0,0,0,8243.8
NIFTY,6-Jan-17,25-Jan-17,PE,9300,0,0,0,1030.2,1030.2,1025.1,0,0,0,30600,0,8243.8
NIFTY,6-Jan-17,25-Jan-17,PE,9350,0,0,0,643.65,0,1074.95,0,0,0,0,0,8243.8
NIFTY,6-Jan-17,25-Jan-17,PE,9400,1063,1066.3,1062.5,1065.05,1065.05,1065.05,6,47.09,4.79,31950,-450,8243.8
NIFTY,6-Jan-17,25-Jan-17,PE,9450,0,0,0,727,0,1174.6,0,0,0,0,0,8243.8
NIFTY,6-Jan-17,25-Jan-17,PE,9500,1200,1226.7,1162.2,1221.15,1219,1221.15,123,986.55,110.17,295500,7500,8243.8
NIFTY,6-Jan-17,25-Jan-17,PE,9550,0,0,0,813.5,0,1274.25,0,0,0,0,0,8243.8
NIFTY,9-Jan-17,25-Jan-17,PE,9600,1327,1339.25,1327,1339.25,1339.25,1339.25,2,16.4,2,7050,0,8236.05
NIFTY,9-Jan-17,25-Jan-17,PE,9650,0,0,0,902.65,0,1386.7,0,0,0,0,0,8236.05
NIFTY,9-Jan-17,25-Jan-17,PE,9700,0,0,0,948.1,0,1436.6,0,0,0,0,0,8236.05
NIFTY,9-Jan-17,25-Jan-17,PE,9750,0,0,0,994,0,1486.45,0,0,0,0,0,8236.05
NIFTY,9-Jan-17,25-Jan-17,PE,9800,0,0,0,1655.65,1655.65,1536.3,0,0,0,75,0,8236.05
NIFTY,9-Jan-17,25-Jan-17,PE,9850,0,0,0,1087.05,0,1586.15,0,0,0,0,0,8236.05
NIFTY,9-Jan-17,25-Jan-17,PE,9900,0,0,0,1134.1,0,1636,0,0,0,0,0,8236.05
NIFTY,9-Jan-17,25-Jan-17,PE,9950,0,0,0,1181.45,0,1685.9,0,0,0,0,0,8236.05
NIFTY,9-Jan-17,25-Jan-17,PE,10000,1726.75,1741,1718.15,1736.9,1734.45,1736.9,77,677.61,100.11,783000,-750,8236.05
NIFTY,9-Jan-17,25-Jan-17,PE,10050,0,0,0,1276.9,0,1785.6,0,0,0,0,0,8236.05
NIFTY,9-Jan-17,25-Jan-17,PE,10100,0,0,0,1804.25,1804.25,1835.45,0,0,0,3225,0,8236.05
NIFTY,9-Jan-17,25-Jan-17,PE,10150,0,0,0,1353.4,0,1885.3,0,0,0,0,0,8236.05
NIFTY,9-Jan-17,25-Jan-17,PE,6400,0,0,0,0.3,0.3,0,0,0,0,150,0,8236.05
NIFTY,9-Jan-17,25-Jan-17,PE,6450,0,0,0,1.45,0,0,0,0,0,0,0,8236.05
NIFTY,9-Jan-17,25-Jan-17,PE,6500,0.5,0.5,0.3,0.35,0.35,0.35,157,765.42,0.04,112800,-8250,8236.05
NIFTY,9-Jan-17,25-Jan-17,PE,6550,0,0,0,0.85,0,0,0,0,0,0,0,8236.05
NIFTY,9-Jan-17,25-Jan-17,PE,6600,0,0,0,2.6,0,0,0,0,0,0,0,8236.05
NIFTY,9-Jan-17,25-Jan-17,PE,6650,0,0,0,3.3,0,0,0,0,0,0,0,8236.05
NIFTY,9-Jan-17,25-Jan-17,PE,6700,0,0,0,0.5,0.5,0,0,0,0,375,0,8236.05
NIFTY,9-Jan-17,25-Jan-17,PE,6750,0,0,0,5.1,0,0,0,0,0,0,0,8236.05
NIFTY,9-Jan-17,25-Jan-17,PE,6800,0,0,0,0.7,0.7,0,0,0,0,3900,0,8236.05
NIFTY,9-Jan-17,25-Jan-17,PE,6850,0,0,0,1.9,0,0,0,0,0,0,0,8236.05
NIFTY,9-Jan-17,25-Jan-17,PE,6900,0,0,0,0.75,0.75,0,0,0,0,2325,0,8236.05
NIFTY,9-Jan-17,25-Jan-17,PE,6950,0,0,0,0.1,0,0,0,0,0,0,0,8236.05
NIFTY,9-Jan-17,25-Jan-17,PE,7000,0.85,0.95,0.7,0.75,0.75,0.75,1384,7266.85,0.85,1289925,-8325,8236.05
NIFTY,9-Jan-17,25-Jan-17,PE,7050,1.45,1.45,0.55,0.55,0.55,0.55,24,126.91,0.01,75525,1350,8236.05
NIFTY,9-Jan-17,25-Jan-17,PE,7100,0.9,1,0.75,0.8,0.8,0.8,680,3621.44,0.44,255225,-17400,8236.05
NIFTY,9-Jan-17,25-Jan-17,PE,7150,0,0,0,0.4,0,0,0,0,0,0,0,8236.05
NIFTY,9-Jan-17,25-Jan-17,PE,7200,1.2,1.45,1.05,1.2,1.25,1.2,1025,5535.89,0.89,573000,-29325,8236.05
NIFTY,9-Jan-17,25-Jan-17,PE,7250,0,0,0,0.7,0,0,0,0,0,0,0,8236.05
NIFTY,9-Jan-17,25-Jan-17,PE,7300,1.7,2.05,1.25,1.45,1.4,1.45,2359,12918.19,2.67,748425,-5850,8236.05
NIFTY,9-Jan-17,25-Jan-17,PE,7350,0,0,0,1.3,0,0,0,0,0,0,0,8236.05
NIFTY,9-Jan-17,25-Jan-17,PE,7400,2,3.5,1.8,1.95,1.85,1.95,3335,18514.33,5.08,886500,17625,8236.05
NIFTY,9-Jan-17,25-Jan-17,PE,7450,0,0,0,3.65,3.65,0.05,0,0,0,1125,0,8236.05
NIFTY,9-Jan-17,25-Jan-17,PE,7500,3.3,3.45,2.7,2.95,2.8,2.95,13222,74403.65,29.9,2897850,-35850,8236.05
NIFTY,9-Jan-17,25-Jan-17,PE,7550,3.3,3.5,3.1,3.45,3.5,3.45,54,305.91,0.13,18975,1275,8236.05
NIFTY,9-Jan-17,25-Jan-17,PE,7600,3.9,5.15,3.4,3.85,3.7,3.85,13448,76693.16,39.56,1879500,94950,8236.05
NIFTY,9-Jan-17,25-Jan-17,PE,7650,5,5.4,4.35,4.75,4.65,4.75,87,499.48,0.32,28350,-675,8236.05
NIFTY,9-Jan-17,25-Jan-17,PE,7700,6.25,6.8,5.3,5.95,5.85,5.95,16021,92594.82,73.54,2521350,-76725,8236.05
NIFTY,9-Jan-17,25-Jan-17,PE,7750,7.7,8.75,6.85,7.6,7.5,7.6,378,2199.32,2.19,48825,4875,8236.05
NIFTY,9-Jan-17,25-Jan-17,PE,7800,10.4,11.35,8.85,10.05,9.9,10.05,22465,131590.08,169.83,3118425,-25350,8236.05
NIFTY,9-Jan-17,25-Jan-17,PE,7850,12.9,13.9,11,12.45,12.4,12.45,907,5348.57,8.61,108000,32250,8236.05
NIFTY,9-Jan-17,25-Jan-17,PE,7900,16.85,18.55,14.45,16.35,16.15,16.35,39654,235433.05,483.1,3553200,47850,8236.05
NIFTY,9-Jan-17,25-Jan-17,PE,7950,23.7,23.8,18,20.8,20.8,20.8,1338,7998.65,20.82,181800,21600,8236.05
NIFTY,9-Jan-17,25-Jan-17,PE,8000,25.65,30.55,23.65,27.1,26.5,27.1,61965,373036.12,1246.12,6678525,407325,8236.05
NIFTY,9-Jan-17,25-Jan-17,PE,8050,34.45,37.7,29.8,34.15,33.65,34.15,2087,12653.41,53.15,264825,24000,8236.05
NIFTY,9-Jan-17,25-Jan-17,PE,8100,38,48.35,38,44.15,43.25,44.15,58460,357050.74,1906.24,4364175,84600,8236.05
NIFTY,9-Jan-17,25-Jan-17,PE,8150,46.15,63.65,46.15,56.3,55.7,56.3,3501,21546.23,146.36,305625,20625,8236.05
NIFTY,9-Jan-17,25-Jan-17,PE,8200,66.2,76.75,63.2,72,71,72,108736,674478.78,5752.38,4691250,97125,8236.05
NIFTY,9-Jan-17,25-Jan-17,PE,8250,82.95,96.6,81.6,90.9,89.9,90.9,6920,43281.97,464.47,286350,52950,8236.05
NIFTY,9-Jan-17,25-Jan-17,PE,8300,107,121.85,102.65,115.05,114.15,115.05,61658,389031.66,5210.61,2661525,113775,8236.05
NIFTY,9-Jan-17,25-Jan-17,PE,8350,142.8,151,132.75,144.6,142.45,144.6,666,4241.92,71.1,73725,6450,8236.05
NIFTY,9-Jan-17,25-Jan-17,PE,8400,167.3,186,161.4,178.95,178,178.95,8920,57366.29,1170.29,1338975,8475,8236.05
NIFTY,9-Jan-17,25-Jan-17,PE,8450,217.75,220,202.7,216.2,217.7,216.2,38,246.96,6.14,15225,750,8236.05
NIFTY,9-Jan-17,25-Jan-17,PE,8500,242.5,267.25,242.1,259.15,257.9,259.15,1761,11562.49,336.11,776850,-4875,8236.05
NIFTY,9-Jan-17,25-Jan-17,PE,8550,0,0,0,287.5,291.3,306.9,0,0,0,75,0,8236.05
NIFTY,9-Jan-17,25-Jan-17,PE,8600,347.45,360,334.75,351.4,345.75,351.4,2189,14688.91,569.86,473550,-49275,8236.05
NIFTY,9-Jan-17,25-Jan-17,PE,8650,0,0,0,193.95,0,397.25,0,0,0,0,0,8236.05
NIFTY,9-Jan-17,25-Jan-17,PE,8700,436,460,430,447.15,446.3,447.15,1508,10341.98,502.28,565200,-61275,8236.05
NIFTY,9-Jan-17,25-Jan-17,PE,8750,0,0,0,240.8,0,492.4,0,0,0,0,0,8236.05
NIFTY,9-Jan-17,25-Jan-17,PE,8800,531.5,549.5,528.8,545.45,545.35,545.45,1065,7459.38,430.38,879525,-55350,8236.05
NIFTY,9-Jan-17,25-Jan-17,PE,8850,0,0,0,691,691,590.15,0,0,0,75,0,8236.05
NIFTY,9-Jan-17,25-Jan-17,PE,8900,636.3,651.15,627.85,646.5,649.05,646.5,1224,8757.13,586.93,450675,-79500,8236.05
NIFTY,9-Jan-17,25-Jan-17,PE,8950,0,0,0,353.2,0,689.1,0,0,0,0,0,8236.05
NIFTY,9-Jan-17,25-Jan-17,PE,9000,732.85,751,726.6,744.55,743.15,744.55,2234,16321,1241.5,1748325,-125625,8236.05
NIFTY,9-Jan-17,25-Jan-17,PE,9050,0,0,0,418.25,0,788.55,0,0,0,0,0,8236.05
NIFTY,9-Jan-17,25-Jan-17,PE,9100,828.7,845,826.7,844.65,845,844.65,21,156.44,13.12,175575,225,8236.05
NIFTY,9-Jan-17,25-Jan-17,PE,9150,0,0,0,488.65,0,888.15,0,0,0,0,0,8236.05
NIFTY,9-Jan-17,25-Jan-17,PE,9200,932,936,932,935.5,936,935.5,5,38,3.5,78225,-75,8236.05
NIFTY,9-Jan-17,25-Jan-17,PE,9250,0,0,0,564.05,0,987.85,0,0,0,0,0,8236.05
NIFTY,9-Jan-17,25-Jan-17,PE,9300,0,0,0,1030.2,1030.2,1037.7,0,0,0,30600,0,8236.05
NIFTY,9-Jan-17,25-Jan-17,PE,9350,0,0,0,643.65,0,1087.55,0,0,0,0,0,8236.05
NIFTY,9-Jan-17,25-Jan-17,PE,9400,0,0,0,1065.05,1065.05,1137.45,0,0,0,31950,0,8236.05
NIFTY,9-Jan-17,25-Jan-17,PE,9450,0,0,0,727,0,1187.3,0,0,0,0,0,8236.05
NIFTY,9-Jan-17,25-Jan-17,PE,9500,1236,1245.55,1224.05,1241.05,1243,1241.05,47,378.31,43.43,293025,-2475,8236.05
NIFTY,9-Jan-17,25-Jan-17,PE,9550,0,0,0,813.5,0,1287,0,0,0,0,0,8236.05
NIFTY,10-Jan-17,25-Jan-17,PE,9600,1289.7,1289.7,1289.4,1289.55,1289.4,1289.55,2,16.33,1.93,7050,0,8288.6
NIFTY,10-Jan-17,25-Jan-17,PE,9650,0,0,0,902.65,0,1335.95,0,0,0,0,0,8288.6
NIFTY,10-Jan-17,25-Jan-17,PE,9700,0,0,0,948.1,0,1385.8,0,0,0,0,0,8288.6
NIFTY,10-Jan-17,25-Jan-17,PE,9750,0,0,0,994,0,1435.7,0,0,0,0,0,8288.6
NIFTY,10-Jan-17,25-Jan-17,PE,9800,0,0,0,1655.65,1655.65,1485.55,0,0,0,75,0,8288.6
NIFTY,10-Jan-17,25-Jan-17,PE,9850,0,0,0,1087.05,0,1535.45,0,0,0,0,0,8288.6
NIFTY,10-Jan-17,25-Jan-17,PE,9900,0,0,0,1134.1,0,1585.3,0,0,0,0,0,8288.6
NIFTY,10-Jan-17,25-Jan-17,PE,9950,0,0,0,1181.45,0,1635.15,0,0,0,0,0,8288.6
NIFTY,10-Jan-17,25-Jan-17,PE,10000,1719,1721,1689.15,1694.45,1690,1694.45,140,1228.58,178.58,784650,1650,8288.6
NIFTY,10-Jan-17,25-Jan-17,PE,10050,0,0,0,1276.9,0,1734.9,0,0,0,0,0,8288.6
NIFTY,10-Jan-17,25-Jan-17,PE,10100,1801,1801,1801,1801,1801,1801,1,8.93,1.35,3225,0,8288.6
NIFTY,10-Jan-17,25-Jan-17,PE,10150,0,0,0,1353.4,0,1834.65,0,0,0,0,0,8288.6
NIFTY,10-Jan-17,25-Jan-17,PE,6400,0,0,0,0.3,0.3,0,0,0,0,150,0,8288.6
NIFTY,10-Jan-17,25-Jan-17,PE,6450,0,0,0,1.45,0,0,0,0,0,0,0,8288.6
NIFTY,10-Jan-17,25-Jan-17,PE,6500,0.35,0.35,0.2,0.25,0.3,0.25,183,892.16,0.04,105375,-7425,8288.6
NIFTY,10-Jan-17,25-Jan-17,PE,6550,0,0,0,0.85,0,0,0,0,0,0,0,8288.6
NIFTY,10-Jan-17,25-Jan-17,PE,6600,0,0,0,2.6,0,0,0,0,0,0,0,8288.6
NIFTY,10-Jan-17,25-Jan-17,PE,6650,0,0,0,3.3,0,0,0,0,0,0,0,8288.6
NIFTY,10-Jan-17,25-Jan-17,PE,6700,0,0,0,0.5,0.5,0,0,0,0,375,0,8288.6
NIFTY,10-Jan-17,25-Jan-17,PE,6750,0,0,0,5.1,0,0,0,0,0,0,0,8288.6
NIFTY,10-Jan-17,25-Jan-17,PE,6800,0,0,0,0.7,0.7,0,0,0,0,3900,0,8288.6
NIFTY,10-Jan-17,25-Jan-17,PE,6850,0,0,0,1.9,0,0,0,0,0,0,0,8288.6
NIFTY,10-Jan-17,25-Jan-17,PE,6900,0.6,0.7,0.6,0.65,0.7,0.65,19,98.33,0.01,900,-1425,8288.6
NIFTY,10-Jan-17,25-Jan-17,PE,6950,0,0,0,0.1,0,0,0,0,0,0,0,8288.6
NIFTY,10-Jan-17,25-Jan-17,PE,7000,0.65,0.7,0.6,0.65,0.6,0.65,1013,5318.76,0.51,1246050,-43875,8288.6
NIFTY,10-Jan-17,25-Jan-17,PE,7050,0.9,0.9,0.5,0.75,0.75,0.75,20,105.76,0.01,74325,-1200,8288.6
NIFTY,10-Jan-17,25-Jan-17,PE,7100,0.65,0.8,0.6,0.65,0.6,0.65,953,5075.21,0.49,250500,-4725,8288.6
NIFTY,10-Jan-17,25-Jan-17,PE,7150,0,0,0,0.4,0,0,0,0,0,0,0,8288.6
NIFTY,10-Jan-17,25-Jan-17,PE,7200,1.05,1.2,1,1.05,1.1,1.05,1373,7415.32,1.12,575400,2400,8288.6
NIFTY,10-Jan-17,25-Jan-17,PE,7250,0,0,0,0.7,0,0,0,0,0,0,0,8288.6
NIFTY,10-Jan-17,25-Jan-17,PE,7300,1.1,1.45,1,1.1,1.05,1.1,2823,15458.54,2.61,722400,-26025,8288.6
NIFTY,10-Jan-17,25-Jan-17,PE,7350,0,0,0,1.3,0,0,0,0,0,0,0,8288.6
NIFTY,10-Jan-17,25-Jan-17,PE,7400,1.5,1.85,1.3,1.55,1.5,1.55,2914,16176.18,3.48,895050,8550,8288.6
NIFTY,10-Jan-17,25-Jan-17,PE,7450,0,0,0,3.65,3.65,0.05,0,0,0,1125,0,8288.6
NIFTY,10-Jan-17,25-Jan-17,PE,7500,2.5,2.5,2.05,2.2,2.1,2.2,14741,82942.65,24.53,2713350,-184500,8288.6
NIFTY,10-Jan-17,25-Jan-17,PE,7550,2.95,2.95,2.15,2.4,2.15,2.4,352,1993.85,0.65,30225,11250,8288.6
NIFTY,10-Jan-17,25-Jan-17,PE,7600,3.05,3.15,2.6,2.7,2.6,2.7,14532,82862.81,30.41,1759725,-119775,8288.6
NIFTY,10-Jan-17,25-Jan-17,PE,7650,3.45,3.7,2.35,3.25,3.3,3.25,214,1228.37,0.54,28800,450,8288.6
NIFTY,10-Jan-17,25-Jan-17,PE,7700,5.7,5.7,3.75,3.9,3.75,3.9,20109,116192.45,62.98,2561100,39750,8288.6
NIFTY,10-Jan-17,25-Jan-17,PE,7750,6,6.25,4.5,5,4.65,5,391,2274.28,1.59,44850,-3975,8288.6
NIFTY,10-Jan-17,25-Jan-17,PE,7800,8.7,8.75,5.95,6.35,6.1,6.35,30485,178497.37,160.12,3189000,70575,8288.6
NIFTY,10-Jan-17,25-Jan-17,PE,7850,10.4,10.6,7.4,7.95,7.4,7.95,1310,7721.24,8.62,125625,17625,8288.6
NIFTY,10-Jan-17,25-Jan-17,PE,7900,14.1,14.2,9.8,10.5,9.9,10.5,45523,270117.76,393.98,3401175,-152025,8288.6
NIFTY,10-Jan-17,25-Jan-17,PE,7950,20,20,12.5,13.6,12.5,13.6,1421,8488.62,15.9,180000,-1800,8288.6
NIFTY,10-Jan-17,25-Jan-17,PE,8000,24,24,16.5,17.65,16.85,17.65,95461,574168.71,1402.71,6620700,-57825,8288.6
NIFTY,10-Jan-17,25-Jan-17,PE,8050,28.9,30.25,22,23.05,22.25,23.05,4345,26313.6,80.67,247425,-17400,8288.6
NIFTY,10-Jan-17,25-Jan-17,PE,8100,38.05,39.3,28.65,30.25,29,30.25,79150,482783.09,1946.84,4584975,220800,8288.6
NIFTY,10-Jan-17,25-Jan-17,PE,8150,49.35,49.9,37.25,39.5,37.3,39.5,7560,46454.14,243.64,331275,25650,8288.6
NIFTY,10-Jan-17,25-Jan-17,PE,8200,62.9,64.4,49,51.7,49.8,51.7,126252,781686.42,5236.62,4727700,36450,8288.6
NIFTY,10-Jan-17,25-Jan-17,PE,8250,79.8,81.75,65.4,67.45,65.55,67.45,8584,53575.06,461.56,353850,67500,8288.6
NIFTY,10-Jan-17,25-Jan-17,PE,8300,104.4,106.9,84.65,87.45,85,87.45,85424,537677.34,5912.94,2983050,321525,8288.6
NIFTY,10-Jan-17,25-Jan-17,PE,8350,130.2,132.4,110,112.75,110,112.75,522,3315.59,46.57,77475,3750,8288.6
NIFTY,10-Jan-17,25-Jan-17,PE,8400,167.2,167.2,139.35,143.1,142.9,143.1,11095,71145.6,1247.1,1368225,29250,8288.6
NIFTY,10-Jan-17,25-Jan-17,PE,8450,189,194,171.85,176.65,171.85,176.65,38,246.15,5.32,15000,-225,8288.6
NIFTY,10-Jan-17,25-Jan-17,PE,8500,240.05,241.6,214,219.55,214.55,219.55,3824,25026.12,648.12,782400,5550,8288.6
NIFTY,10-Jan-17,25-Jan-17,PE,8550,274.35,279.3,261.4,266.15,279.3,266.15,5,33.07,1,225,150,8288.6
NIFTY,10-Jan-17,25-Jan-17,PE,8600,332.65,332.65,302,305.9,303.3,305.9,1302,8705.86,307.96,468975,-4575,8288.6
NIFTY,10-Jan-17,25-Jan-17,PE,8650,0,0,0,193.95,0,348.75,0,0,0,0,0,8288.6
NIFTY,10-Jan-17,25-Jan-17,PE,8700,428.2,428.2,400,403.2,400,403.2,470,3211.87,145.12,555450,-9750,8288.6
NIFTY,10-Jan-17,25-Jan-17,PE,8750,0,0,0,240.8,0,442.5,0,0,0,0,0,8288.6
NIFTY,10-Jan-17,25-Jan-17,PE,8800,528.9,528.9,500.85,506.75,501,506.75,3382,23619.96,1298.76,660675,-218850,8288.6
NIFTY,10-Jan-17,25-Jan-17,PE,8850,0,0,0,691,691,539.6,0,0,0,75,0,8288.6
NIFTY,10-Jan-17,25-Jan-17,PE,8900,627.05,627.05,598.05,600.4,600,600.4,208,1483.54,95.14,443250,-7425,8288.6
NIFTY,10-Jan-17,25-Jan-17,PE,8950,0,0,0,353.2,0,638.3,0,0,0,0,0,8288.6
NIFTY,10-Jan-17,25-Jan-17,PE,9000,720.05,720.05,696.05,701.35,696.05,701.35,353,2570.21,187.46,1742250,-6075,8288.6
NIFTY,10-Jan-17,25-Jan-17,PE,9050,0,0,0,418.25,0,737.7,0,0,0,0,0,8288.6
NIFTY,10-Jan-17,25-Jan-17,PE,9100,820,820,795.75,796.15,796.2,796.15,24,178.3,14.5,174825,-750,8288.6
NIFTY,10-Jan-17,25-Jan-17,PE,9150,0,0,0,488.65,0,837.3,0,0,0,0,0,8288.6
NIFTY,10-Jan-17,25-Jan-17,PE,9200,915,915,892,902.25,893.1,902.25,22,166.7,14.9,77100,-1125,8288.6
NIFTY,10-Jan-17,25-Jan-17,PE,9250,0,0,0,564.05,0,937,0,0,0,0,0,8288.6
NIFTY,10-Jan-17,25-Jan-17,PE,9300,0,0,0,1030.2,1030.2,986.9,0,0,0,30600,0,8288.6
NIFTY,10-Jan-17,25-Jan-17,PE,9350,0,0,0,643.65,0,1036.75,0,0,0,0,0,8288.6
NIFTY,10-Jan-17,25-Jan-17,PE,9400,0,0,0,1065.05,1065.05,1086.6,0,0,0,31950,0,8288.6
NIFTY,10-Jan-17,25-Jan-17,PE,9450,0,0,0,727,0,1136.5,0,0,0,0,0,8288.6
NIFTY,10-Jan-17,25-Jan-17,PE,9500,1215,1216,1195.1,1197.85,1195.1,1197.85,18,144.52,16.27,292725,-300,8288.6
NIFTY,10-Jan-17,25-Jan-17,PE,9550,0,0,0,813.5,0,1236.2,0,0,0,0,0,8288.6
NIFTY,11-Jan-17,25-Jan-17,PE,9600,1240,1240,1216.85,1225.35,1225.35,1225.35,8,64.98,7.38,6825,-225,8380.65
NIFTY,11-Jan-17,25-Jan-17,PE,9650,0,0,0,902.65,0,1245.6,0,0,0,0,0,8380.65
NIFTY,11-Jan-17,25-Jan-17,PE,9700,0,0,0,948.1,0,1295.5,0,0,0,0,0,8380.65
NIFTY,11-Jan-17,25-Jan-17,PE,9750,0,0,0,994,0,1345.35,0,0,0,0,0,8380.65
NIFTY,11-Jan-17,25-Jan-17,PE,9800,0,0,0,1655.65,1655.65,1395.25,0,0,0,75,0,8380.65
NIFTY,11-Jan-17,25-Jan-17,PE,9850,0,0,0,1087.05,0,1445.1,0,0,0,0,0,8380.65
NIFTY,11-Jan-17,25-Jan-17,PE,9900,0,0,0,1134.1,0,1495,0,0,0,0,0,8380.65
NIFTY,11-Jan-17,25-Jan-17,PE,9950,0,0,0,1181.45,0,1544.85,0,0,0,0,0,8380.65
NIFTY,11-Jan-17,25-Jan-17,PE,10000,1660,1662.9,1592,1601.55,1607.85,1601.55,435,3794.09,531.59,783600,-1050,8380.65
NIFTY,11-Jan-17,25-Jan-17,PE,10050,0,0,0,1276.9,0,1644.6,0,0,0,0,0,8380.65
NIFTY,11-Jan-17,25-Jan-17,PE,10100,1757.35,1757.35,1712,1712,1712,1712,9,79.84,11.66,3225,0,8380.65
NIFTY,11-Jan-17,25-Jan-17,PE,10150,0,0,0,1353.4,0,1744.35,0,0,0,0,0,8380.65
NIFTY,11-Jan-17,25-Jan-17,PE,6400,0,0,0,0.3,0.3,0,0,0,0,150,0,8380.65
NIFTY,11-Jan-17,25-Jan-17,PE,6450,0,0,0,1.45,0,0,0,0,0,0,0,8380.65
NIFTY,11-Jan-17,25-Jan-17,PE,6500,0.15,0.25,0.15,0.25,0.25,0.25,83,404.64,0.01,105900,525,8380.65
NIFTY,11-Jan-17,25-Jan-17,PE,6550,0,0,0,0.85,0,0,0,0,0,0,0,8380.65
NIFTY,11-Jan-17,25-Jan-17,PE,6600,0,0,0,2.6,0,0,0,0,0,0,0,8380.65
NIFTY,11-Jan-17,25-Jan-17,PE,6650,0,0,0,3.3,0,0,0,0,0,0,0,8380.65
NIFTY,11-Jan-17,25-Jan-17,PE,6700,0,0,0,0.5,0.5,0,0,0,0,375,0,8380.65
NIFTY,11-Jan-17,25-Jan-17,PE,6750,0,0,0,5.1,0,0,0,0,0,0,0,8380.65
NIFTY,11-Jan-17,25-Jan-17,PE,6800,0,0,0,0.7,0.7,0,0,0,0,3900,0,8380.65
NIFTY,11-Jan-17,25-Jan-17,PE,6850,0,0,0,1.9,0,0,0,0,0,0,0,8380.65
NIFTY,11-Jan-17,25-Jan-17,PE,6900,0.7,2,0.3,0.3,0.3,0.3,8,41.41,0.01,900,0,8380.65
NIFTY,11-Jan-17,25-Jan-17,PE,6950,0,0,0,0.1,0,0,0,0,0,0,0,8380.65
NIFTY,11-Jan-17,25-Jan-17,PE,7000,0.55,0.85,0.55,0.75,0.7,0.75,1714,8999.42,0.92,1203750,-42300,8380.65
NIFTY,11-Jan-17,25-Jan-17,PE,7050,0.4,1,0.25,0.4,0.4,0.4,88,465.34,0.04,74550,225,8380.65
NIFTY,11-Jan-17,25-Jan-17,PE,7100,0.55,0.8,0.55,0.75,0.75,0.75,518,2758.63,0.28,233400,-17100,8380.65
NIFTY,11-Jan-17,25-Jan-17,PE,7150,0,0,0,0.4,0,0,0,0,0,0,0,8380.65
NIFTY,11-Jan-17,25-Jan-17,PE,7200,1,1.05,0.85,1,0.95,1,2084,11255.09,1.49,579300,3900,8380.65
NIFTY,11-Jan-17,25-Jan-17,PE,7250,0,0,0,0.7,0,0,0,0,0,0,0,8380.65
NIFTY,11-Jan-17,25-Jan-17,PE,7300,0.9,1.2,0.8,1.15,1.15,1.15,2235,12238.27,1.64,646500,-75900,8380.65
NIFTY,11-Jan-17,25-Jan-17,PE,7350,0,0,0,1.3,0,0,0,0,0,0,0,8380.65
NIFTY,11-Jan-17,25-Jan-17,PE,7400,1.45,1.6,1,1.4,1.35,1.4,4222,23436.13,4.03,774075,-120975,8380.65
NIFTY,11-Jan-17,25-Jan-17,PE,7450,0,0,0,3.65,3.65,0,0,0,0,1125,0,8380.65
NIFTY,11-Jan-17,25-Jan-17,PE,7500,1.6,2.05,1.5,2,2,2,17463,98254.18,24.81,2545200,-168150,8380.65
NIFTY,11-Jan-17,25-Jan-17,PE,7550,1.75,2.35,1.75,2.2,2.35,2.2,176,996.88,0.28,21300,-8925,8380.65
NIFTY,11-Jan-17,25-Jan-17,PE,7600,2.2,2.45,2,2.4,2.45,2.4,15818,90189.17,26.57,1716750,-42975,8380.65
NIFTY,11-Jan-17,25-Jan-17,PE,7650,2.35,2.95,2.35,2.85,2.75,2.85,116,665.77,0.22,28950,150,8380.65
NIFTY,11-Jan-17,25-Jan-17,PE,7700,3.95,3.95,2.55,3.1,3.15,3.1,21149,122181.3,45.82,2161650,-399450,8380.65
NIFTY,11-Jan-17,25-Jan-17,PE,7750,3.7,4.05,2.95,3.8,4.05,3.8,279,1622.43,0.74,33525,-11325,8380.65
NIFTY,11-Jan-17,25-Jan-17,PE,7800,6.5,6.5,3.85,4.45,4.55,4.45,37966,222222.48,121.38,3191925,2925,8380.65
NIFTY,11-Jan-17,25-Jan-17,PE,7850,6.35,6.65,4.2,5.3,6.65,5.3,1453,8560.42,5.88,92550,-33075,8380.65
NIFTY,11-Jan-17,25-Jan-17,PE,7900,6.8,8.1,6,6.45,6.65,6.45,70682,419142.85,352,3304725,-96450,8380.65
NIFTY,11-Jan-17,25-Jan-17,PE,7950,8.7,9.7,7,7.9,8.6,7.9,3421,20418.32,20.61,178275,-1725,8380.65
NIFTY,11-Jan-17,25-Jan-17,PE,8000,14.15,14.7,9.1,9.75,9.9,9.75,117645,706814.81,944.81,6848700,228000,8380.65
NIFTY,11-Jan-17,25-Jan-17,PE,8050,18,18,10.65,11.95,12.55,11.95,3996,24166.15,40.3,253125,5700,8380.65
NIFTY,11-Jan-17,25-Jan-17,PE,8100,25.95,25.95,14,15.05,15.7,15.05,151736,923779,1982.8,4773900,188925,8380.65
NIFTY,11-Jan-17,25-Jan-17,PE,8150,26.65,30.15,18.15,19.5,20.65,19.5,7952,48742.59,135.99,340575,9300,8380.65
NIFTY,11-Jan-17,25-Jan-17,PE,8200,38.1,40.65,23.8,25.8,27,25.8,171282,1057241.41,3857.11,5632875,905175,8380.65
NIFTY,11-Jan-17,25-Jan-17,PE,8250,51.25,52.9,32,34.15,35.95,34.15,12896,80182.26,388.26,455925,102075,8380.65
NIFTY,11-Jan-17,25-Jan-17,PE,8300,70.7,70.7,43.3,46.55,48.05,46.55,219611,1375895.84,8817.37,4703400,1720350,8380.65
NIFTY,11-Jan-17,25-Jan-17,PE,8350,87.75,91.4,58,62.2,64.5,62.2,12896,81450.9,689.7,341100,263625,8380.65
NIFTY,11-Jan-17,25-Jan-17,PE,8400,118.65,118.65,77.05,82.85,85.6,82.85,73972,471149.44,5125.84,2394450,1026225,8380.65
NIFTY,11-Jan-17,25-Jan-17,PE,8450,147.95,148,103.7,109.5,111,109.5,684,4396.13,61.28,29250,14250,8380.65
NIFTY,11-Jan-17,25-Jan-17,PE,8500,185.4,189,133.4,141.95,143.7,141.95,17521,113759.4,2063.03,943500,161100,8380.65
NIFTY,11-Jan-17,25-Jan-17,PE,8550,212.05,212.05,170,175.65,174.5,175.65,13,85.17,1.8,525,300,8380.65
NIFTY,11-Jan-17,25-Jan-17,PE,8600,266.65,273.8,211.2,222.1,224.9,222.1,4293,28465.25,775.4,436125,-32850,8380.65
NIFTY,11-Jan-17,25-Jan-17,PE,8650,301.75,301.75,260,261.15,262,261.15,20,133.77,4.02,1500,1500,8380.65
NIFTY,11-Jan-17,25-Jan-17,PE,8700,365,372,301.75,310.6,316.7,310.6,1902,12879.29,468.74,500775,-54675,8380.65
NIFTY,11-Jan-17,25-Jan-17,PE,8750,0,0,0,240.8,0,357.55,0,0,0,0,0,8380.65
NIFTY,11-Jan-17,25-Jan-17,PE,8800,471.05,471.05,397.5,408.05,414.45,408.05,1538,10660.66,509.86,593925,-66750,8380.65
NIFTY,11-Jan-17,25-Jan-17,PE,8850,0,0,0,691,691,451.55,0,0,0,75,0,8380.65
NIFTY,11-Jan-17,25-Jan-17,PE,8900,565,565,498.55,509.5,515,509.5,924,6536.46,368.76,406725,-36525,8380.65
NIFTY,11-Jan-17,25-Jan-17,PE,8950,0,0,0,353.2,0,548.8,0,0,0,0,0,8380.65
NIFTY,11-Jan-17,25-Jan-17,PE,9000,661.35,666.05,596.8,608,608,608,3853,27827.64,1819.89,1702500,-39750,8380.65
NIFTY,11-Jan-17,25-Jan-17,PE,9050,0,0,0,418.25,0,647.55,0,0,0,0,0,8380.65
NIFTY,11-Jan-17,25-Jan-17,PE,9100,762.65,765,697,701.4,701.45,701.4,114,840.53,62.48,171825,-3000,8380.65
NIFTY,11-Jan-17,25-Jan-17,PE,9150,0,0,0,488.65,0,746.95,0,0,0,0,0,8380.65
NIFTY,11-Jan-17,25-Jan-17,PE,9200,858,860,800,810.35,812,810.35,24,180.59,14.99,76500,-600,8380.65
NIFTY,11-Jan-17,25-Jan-17,PE,9250,0,0,0,564.05,0,846.6,0,0,0,0,0,8380.65
NIFTY,11-Jan-17,25-Jan-17,PE,9300,916,916,916,916,916,916,1,7.66,0.69,30525,-75,8380.65
NIFTY,11-Jan-17,25-Jan-17,PE,9350,0,0,0,643.65,0,946.35,0,0,0,0,0,8380.65
NIFTY,11-Jan-17,25-Jan-17,PE,9400,1050,1050,1050,1050,1050,1050,1,7.84,0.79,31875,-75,8380.65
NIFTY,11-Jan-17,25-Jan-17,PE,9450,0,0,0,727,0,1046.1,0,0,0,0,0,8380.65
NIFTY,11-Jan-17,25-Jan-17,PE,9500,1160.1,1160.1,1093,1100.3,1106,1100.3,152,1210.89,127.89,292950,225,8380.65
NIFTY,11-Jan-17,25-Jan-17,PE,9550,0,0,0,813.5,0,1145.85,0,0,0,0,0,8380.65
NIFTY,12-Jan-17,25-Jan-17,PE,9600,0,0,0,1225.35,1225.35,1170.85,0,0,0,6825,0,8407.2
NIFTY,12-Jan-17,25-Jan-17,PE,9650,0,0,0,902.65,0,1220.7,0,0,0,0,0,8407.2
NIFTY,12-Jan-17,25-Jan-17,PE,9700,0,0,0,948.1,0,1270.6,0,0,0,0,0,8407.2
NIFTY,12-Jan-17,25-Jan-17,PE,9750,0,0,0,994,0,1320.5,0,0,0,0,0,8407.2
NIFTY,12-Jan-17,25-Jan-17,PE,9800,0,0,0,1655.65,1655.65,1370.35,0,0,0,75,0,8407.2
NIFTY,12-Jan-17,25-Jan-17,PE,9850,0,0,0,1087.05,0,1420.25,0,0,0,0,0,8407.2
NIFTY,12-Jan-17,25-Jan-17,PE,9900,0,0,0,1134.1,0,1470.15,0,0,0,0,0,8407.2
NIFTY,12-Jan-17,25-Jan-17,PE,9950,0,0,0,1181.45,0,1520,0,0,0,0,0,8407.2
NIFTY,12-Jan-17,25-Jan-17,PE,10000,1595,1602.3,1564.75,1571.65,1565,1571.65,260,2257.55,307.55,790275,6675,8407.2
NIFTY,12-Jan-17,25-Jan-17,PE,10050,0,0,0,1276.9,0,1619.8,0,0,0,0,0,8407.2
NIFTY,12-Jan-17,25-Jan-17,PE,10100,1686.7,1692.9,1686.7,1690,1690,1690,6,53.05,7.6,3225,0,8407.2
NIFTY,12-Jan-17,25-Jan-17,PE,10150,0,0,0,1353.4,0,1719.55,0,0,0,0,0,8407.2
NIFTY,12-Jan-17,25-Jan-17,PE,6400,0,0,0,0.3,0.3,0,0,0,0,150,0,8407.2
NIFTY,12-Jan-17,25-Jan-17,PE,6450,0,0,0,1.45,0,0,0,0,0,0,0,8407.2
NIFTY,12-Jan-17,25-Jan-17,PE,6500,0.15,0.2,0.15,0.2,0.2,0.2,186,906.77,0.02,98550,-7350,8407.2
NIFTY,12-Jan-17,25-Jan-17,PE,6550,0,0,0,0.85,0,0,0,0,0,0,0,8407.2
NIFTY,12-Jan-17,25-Jan-17,PE,6600,0,0,0,2.6,0,0,0,0,0,0,0,8407.2
NIFTY,12-Jan-17,25-Jan-17,PE,6650,0,0,0,3.3,0,0,0,0,0,0,0,8407.2
NIFTY,12-Jan-17,25-Jan-17,PE,6700,0.5,0.5,0.5,0.5,0.5,0.5,1,5.03,0,300,-75,8407.2
NIFTY,12-Jan-17,25-Jan-17,PE,6750,0,0,0,5.1,0,0,0,0,0,0,0,8407.2
NIFTY,12-Jan-17,25-Jan-17,PE,6800,0,0,0,0.7,0.7,0,0,0,0,3900,0,8407.2
NIFTY,12-Jan-17,25-Jan-17,PE,6850,0,0,0,1.9,0,0,0,0,0,0,0,8407.2
NIFTY,12-Jan-17,25-Jan-17,PE,6900,0,0,0,0.3,0.3,0,0,0,0,900,0,8407.2
NIFTY,12-Jan-17,25-Jan-17,PE,6950,0,0,0,0.1,0,0,0,0,0,0,0,8407.2
NIFTY,12-Jan-17,25-Jan-17,PE,7000,0.6,0.8,0.4,0.55,0.45,0.55,1465,7691.93,0.68,1185300,-18450,8407.2
NIFTY,12-Jan-17,25-Jan-17,PE,7050,0.6,0.8,0.6,0.75,0.75,0.75,44,232.67,0.02,74925,375,8407.2
NIFTY,12-Jan-17,25-Jan-17,PE,7100,0.75,0.8,0.55,0.6,0.55,0.6,491,2614.82,0.25,233550,150,8407.2
NIFTY,12-Jan-17,25-Jan-17,PE,7150,0,0,0,0.4,0,0,0,0,0,0,0,8407.2
NIFTY,12-Jan-17,25-Jan-17,PE,7200,0.9,0.95,0.7,0.75,0.8,0.75,1019,5503.21,0.61,546150,-33150,8407.2
NIFTY,12-Jan-17,25-Jan-17,PE,7250,0,0,0,0.7,0,0,0,0,0,0,0,8407.2
NIFTY,12-Jan-17,25-Jan-17,PE,7300,1.05,1.15,0.7,0.75,0.8,0.75,1903,10420.17,1.25,593025,-53475,8407.2
NIFTY,12-Jan-17,25-Jan-17,PE,7350,0,0,0,1.3,0,0,0,0,0,0,0,8407.2
NIFTY,12-Jan-17,25-Jan-17,PE,7400,1.25,1.4,1,1.15,1.2,1.15,1491,8276.38,1.33,746100,-27975,8407.2
NIFTY,12-Jan-17,25-Jan-17,PE,7450,0,0,0,3.65,3.65,0,0,0,0,1125,0,8407.2
NIFTY,12-Jan-17,25-Jan-17,PE,7500,3,3,1.65,1.75,1.75,1.75,11675,65687.35,15.48,2558550,13350,8407.2
NIFTY,12-Jan-17,25-Jan-17,PE,7550,0,0,0,2.2,2.35,0,0,0,0,21300,0,8407.2
NIFTY,12-Jan-17,25-Jan-17,PE,7600,1.8,2.25,1.6,2,2,2,7863,44831.34,12.24,1697400,-19350,8407.2
NIFTY,12-Jan-17,25-Jan-17,PE,7650,2.5,2.5,2.15,2.2,2.2,2.2,24,137.74,0.04,28275,-675,8407.2
NIFTY,12-Jan-17,25-Jan-17,PE,7700,2.15,2.95,2.15,2.45,2.35,2.45,8554,49416.13,16.78,2128950,-32700,8407.2
NIFTY,12-Jan-17,25-Jan-17,PE,7750,3.25,3.3,2.7,3,3,3,107,622.19,0.25,30000,-3525,8407.2
NIFTY,12-Jan-17,25-Jan-17,PE,7800,5.5,5.5,2.1,3.35,3.25,3.35,17897,104747.97,50.52,3271650,79725,8407.2
NIFTY,12-Jan-17,25-Jan-17,PE,7850,4.35,5.25,2.1,3.95,4.2,3.95,655,3858.47,2.16,83175,-9375,8407.2
NIFTY,12-Jan-17,25-Jan-17,PE,7900,5.6,6.65,4.5,4.9,4.5,4.9,44608,264486.37,183.97,3652875,348150,8407.2
NIFTY,12-Jan-17,25-Jan-17,PE,7950,6.8,7.95,5.45,5.9,5.45,5.9,1829,10914.48,9.07,149100,-29175,8407.2
NIFTY,12-Jan-17,25-Jan-17,PE,8000,8.5,10.95,6.7,7.3,6.85,7.3,83895,503887.23,517.23,6803175,-45525,8407.2
NIFTY,12-Jan-17,25-Jan-17,PE,8050,10.85,12.65,8.7,9.2,8.75,9.2,1925,11636.9,14.71,246675,-6450,8407.2
NIFTY,12-Jan-17,25-Jan-17,PE,8100,12.9,16.05,10.55,11.4,10.65,11.4,97413,592728.02,944.04,4635975,-137925,8407.2
NIFTY,12-Jan-17,25-Jan-17,PE,8150,16.65,20.45,14,14.9,14,14.9,3897,23869.69,49.28,358200,17625,8407.2
NIFTY,12-Jan-17,25-Jan-17,PE,8200,23,26.95,18.65,20,19,20,134089,826901.63,2254.28,6162675,529800,8407.2
NIFTY,12-Jan-17,25-Jan-17,PE,8250,31.05,35.9,17.8,27.1,26.2,27.1,10173,63174.26,228.83,489525,33600,8407.2
NIFTY,12-Jan-17,25-Jan-17,PE,8300,45.05,48.25,35.1,36.85,35.7,36.85,177284,1109029.11,5436.21,6216975,1513575,8407.2
NIFTY,12-Jan-17,25-Jan-17,PE,8350,56.5,64,47.1,49.4,47.6,49.4,15124,95326.39,612.34,648450,307350,8407.2
NIFTY,12-Jan-17,25-Jan-17,PE,8400,71.3,85,64.3,67.6,65.55,67.6,135953,864049.48,7545.58,3371775,977325,8407.2
NIFTY,12-Jan-17,25-Jan-17,PE,8450,101,110.05,85.95,88.95,87.2,88.95,3707,23754.32,261.21,180150,150900,8407.2
NIFTY,12-Jan-17,25-Jan-17,PE,8500,126.1,142,114,117.75,115.5,117.75,28751,186015.9,2728.28,1137525,194025,8407.2
NIFTY,12-Jan-17,25-Jan-17,PE,8550,164.6,177.25,146.1,149.9,146.1,149.9,58,378.87,6.95,3225,2700,8407.2
NIFTY,12-Jan-17,25-Jan-17,PE,8600,204.15,222,188.4,193,188.45,193,7742,51127.13,1191.23,455475,19350,8407.2
NIFTY,12-Jan-17,25-Jan-17,PE,8650,240.05,249,204.1,230.95,204.1,230.95,8,53.32,1.42,1725,225,8407.2
NIFTY,12-Jan-17,25-Jan-17,PE,8700,295.8,314,279.95,285.35,282.2,285.35,3209,21657.14,718.42,412800,-87975,8407.2
NIFTY,12-Jan-17,25-Jan-17,PE,8750,0,0,0,240.8,0,332.3,0,0,0,0,0,8407.2
NIFTY,12-Jan-17,25-Jan-17,PE,8800,390,408.3,375.1,381.9,375.1,381.9,3111,21456.18,923.58,465225,-128700,8407.2
NIFTY,12-Jan-17,25-Jan-17,PE,8850,0,0,0,691,691,426.25,0,0,0,75,0,8407.2
NIFTY,12-Jan-17,25-Jan-17,PE,8900,495.1,507,476.85,482.65,478.8,482.65,2354,16595.9,882.95,346500,-60225,8407.2
NIFTY,12-Jan-17,25-Jan-17,PE,8950,0,0,0,353.2,0,523.6,0,0,0,0,0,8407.2
NIFTY,12-Jan-17,25-Jan-17,PE,9000,591,605.6,570.55,580.25,570.55,580.25,1465,10539.7,650.95,1626750,-75750,8407.2
NIFTY,12-Jan-17,25-Jan-17,PE,9050,0,0,0,418.25,0,622.45,0,0,0,0,0,8407.2
NIFTY,12-Jan-17,25-Jan-17,PE,9100,694,698.9,680,688.55,688.55,688.55,97,712.35,50.32,165750,-6075,8407.2
NIFTY,12-Jan-17,25-Jan-17,PE,9150,0,0,0,488.65,0,721.95,0,0,0,0,0,8407.2
NIFTY,12-Jan-17,25-Jan-17,PE,9200,785,804.35,778.5,794,794,794,59,442.15,35.05,75825,-675,8407.2
NIFTY,12-Jan-17,25-Jan-17,PE,9250,0,0,0,564.05,0,821.65,0,0,0,0,0,8407.2
NIFTY,12-Jan-17,25-Jan-17,PE,9300,0,0,0,916,916,871.5,0,0,0,30525,0,8407.2
NIFTY,12-Jan-17,25-Jan-17,PE,9350,0,0,0,643.65,0,921.4,0,0,0,0,0,8407.2
NIFTY,12-Jan-17,25-Jan-17,PE,9400,971.95,971.95,971.95,971.95,971.95,971.95,1,7.78,0.73,31950,75,8407.2
NIFTY,12-Jan-17,25-Jan-17,PE,9450,0,0,0,727,0,1021.15,0,0,0,0,0,8407.2
NIFTY,12-Jan-17,25-Jan-17,PE,9500,1098,1098.4,1070,1073.05,1070.1,1073.05,62,492.06,50.31,294600,1650,8407.2
NIFTY,12-Jan-17,25-Jan-17,PE,9550,0,0,0,813.5,0,1120.95,0,0,0,0,0,8407.2
NIFTY,13-Jan-17,25-Jan-17,PE,9600,0,0,0,1225.35,1225.35,1179.4,0,0,0,6825,0,8400.35
NIFTY,13-Jan-17,25-Jan-17,PE,9650,0,0,0,902.65,0,1229.3,0,0,0,0,0,8400.35
NIFTY,13-Jan-17,25-Jan-17,PE,9700,0,0,0,948.1,0,1279.2,0,0,0,0,0,8400.35
NIFTY,13-Jan-17,25-Jan-17,PE,9750,0,0,0,994,0,1329.1,0,0,0,0,0,8400.35
NIFTY,13-Jan-17,25-Jan-17,PE,9800,0,0,0,1655.65,1655.65,1378.95,0,0,0,75,0,8400.35
NIFTY,13-Jan-17,25-Jan-17,PE,9850,0,0,0,1087.05,0,1428.85,0,0,0,0,0,8400.35
NIFTY,13-Jan-17,25-Jan-17,PE,9900,0,0,0,1134.1,0,1478.75,0,0,0,0,0,8400.35
NIFTY,13-Jan-17,25-Jan-17,PE,9950,0,0,0,1181.45,0,1528.65,0,0,0,0,0,8400.35
NIFTY,13-Jan-17,25-Jan-17,PE,10000,1550,1595.4,1550,1572.2,1572.55,1572.2,94,816.12,111.12,788475,-1800,8400.35
NIFTY,13-Jan-17,25-Jan-17,PE,10050,0,0,0,1276.9,0,1628.45,0,0,0,0,0,8400.35
NIFTY,13-Jan-17,25-Jan-17,PE,10100,0,0,0,1690,1690,1678.35,0,0,0,3225,0,8400.35
NIFTY,13-Jan-17,25-Jan-17,PE,10150,0,0,0,1353.4,0,1728.25,0,0,0,0,0,8400.35
NIFTY,13-Jan-17,25-Jan-17,PE,6400,0,0,0,0.3,0.3,0,0,0,0,150,0,8400.35
NIFTY,13-Jan-17,25-Jan-17,PE,6450,0,0,0,1.45,0,0,0,0,0,0,0,8400.35
NIFTY,13-Jan-17,25-Jan-17,PE,6500,0.1,0.15,0.1,0.15,0.1,0.15,43,209.63,0,97800,-750,8400.35
NIFTY,13-Jan-17,25-Jan-17,PE,6550,0,0,0,0.85,0,0,0,0,0,0,0,8400.35
NIFTY,13-Jan-17,25-Jan-17,PE,6600,0,0,0,2.6,0,0,0,0,0,0,0,8400.35
NIFTY,13-Jan-17,25-Jan-17,PE,6650,0,0,0,3.3,0,0,0,0,0,0,0,8400.35
NIFTY,13-Jan-17,25-Jan-17,PE,6700,0,0,0,0.5,0.5,0,0,0,0,300,0,8400.35
NIFTY,13-Jan-17,25-Jan-17,PE,6750,0,0,0,5.1,0,0,0,0,0,0,0,8400.35
NIFTY,13-Jan-17,25-Jan-17,PE,6800,0,0,0,0.7,0.7,0,0,0,0,3900,0,8400.35
NIFTY,13-Jan-17,25-Jan-17,PE,6850,0,0,0,1.9,0,0,0,0,0,0,0,8400.35
NIFTY,13-Jan-17,25-Jan-17,PE,6900,0,0,0,0.3,0.3,0,0,0,0,900,0,8400.35
NIFTY,13-Jan-17,25-Jan-17,PE,6950,0,0,0,0.1,0,0,0,0,0,0,0,8400.35
NIFTY,13-Jan-17,25-Jan-17,PE,7000,0.3,0.5,0.05,0.45,0.45,0.45,2477,13004.86,0.61,1091325,-93975,8400.35
NIFTY,13-Jan-17,25-Jan-17,PE,7050,0.85,0.85,0.35,0.7,0.8,0.7,54,285.55,0.03,74175,-750,8400.35
NIFTY,13-Jan-17,25-Jan-17,PE,7100,0.3,0.45,0.3,0.4,0.4,0.4,161,857.37,0.05,232425,-1125,8400.35
NIFTY,13-Jan-17,25-Jan-17,PE,7150,0,0,0,0.4,0,0,0,0,0,0,0,8400.35
NIFTY,13-Jan-17,25-Jan-17,PE,7200,0.85,0.85,0.45,0.7,0.5,0.7,217,1171.91,0.11,546750,600,8400.35
NIFTY,13-Jan-17,25-Jan-17,PE,7250,0,0,0,0.7,0,0,0,0,0,0,0,8400.35
NIFTY,13-Jan-17,25-Jan-17,PE,7300,0.7,0.85,0.55,0.75,0.75,0.75,1023,5601.43,0.51,586575,-6450,8400.35
NIFTY,13-Jan-17,25-Jan-17,PE,7350,0,0,0,1.3,0,0,0,0,0,0,0,8400.35
NIFTY,13-Jan-17,25-Jan-17,PE,7400,0.15,1.1,0.15,0.85,0.85,0.85,2234,12400.28,1.58,731100,-15000,8400.35
NIFTY,13-Jan-17,25-Jan-17,PE,7450,0,0,0,3.65,3.65,0,0,0,0,1125,0,8400.35
NIFTY,13-Jan-17,25-Jan-17,PE,7500,1.35,1.7,1.25,1.35,1.35,1.35,8995,50606.77,9.89,2508300,-50250,8400.35
NIFTY,13-Jan-17,25-Jan-17,PE,7550,0,0,0,2.2,2.35,0,0,0,0,21300,0,8400.35
NIFTY,13-Jan-17,25-Jan-17,PE,7600,1.8,2.05,1.4,1.55,1.55,1.55,7389,42126.94,9.64,1725900,28500,8400.35
NIFTY,13-Jan-17,25-Jan-17,PE,7650,0.65,1.95,0.65,1.9,1.9,1.9,12,68.87,0.02,28275,0,8400.35
NIFTY,13-Jan-17,25-Jan-17,PE,7700,2.8,2.8,1.55,2,1.9,2,9189,53081.27,14.79,2149200,20250,8400.35
NIFTY,13-Jan-17,25-Jan-17,PE,7750,2.8,3.6,2.3,2.45,2.3,2.45,140,814.03,0.28,25200,-4800,8400.35
NIFTY,13-Jan-17,25-Jan-17,PE,7800,2.75,3.65,2.2,2.8,2.6,2.8,14325,83834.16,32.91,3245550,-26100,8400.35
NIFTY,13-Jan-17,25-Jan-17,PE,7850,3.2,4.5,3.2,3.6,3.3,3.6,1407,8287.93,4.21,63750,-19425,8400.35
NIFTY,13-Jan-17,25-Jan-17,PE,7900,4.4,8,3.55,4.25,3.8,4.25,36748,217858.23,126.33,3700875,48000,8400.35
NIFTY,13-Jan-17,25-Jan-17,PE,7950,4.55,6.45,4.15,4.75,4.15,4.75,1112,6634.65,4.35,153600,4500,8400.35
NIFTY,13-Jan-17,25-Jan-17,PE,8000,7.2,8.3,5.35,6.15,5.6,6.15,71749,430863.93,369.93,6675075,-128100,8400.35
NIFTY,13-Jan-17,25-Jan-17,PE,8050,7.8,10.3,6.2,7.75,7.05,7.75,2953,17847.51,18.77,218850,-27825,8400.35
NIFTY,13-Jan-17,25-Jan-17,PE,8100,8.1,13.35,7.55,9.4,8.45,9.4,95692,582110.55,781.65,5048475,412500,8400.35
NIFTY,13-Jan-17,25-Jan-17,PE,8150,9.9,17.25,9.9,12.3,11.3,12.3,5890,36064.24,61.61,360975,2775,8400.35
NIFTY,13-Jan-17,25-Jan-17,PE,8200,12,23.2,12,16.45,15.25,16.45,134206,827254.8,1887.9,6028500,-134175,8400.35
NIFTY,13-Jan-17,25-Jan-17,PE,8250,19.1,30.95,18.75,22,20,22,12862,79825.49,241.87,539325,49800,8400.35
NIFTY,13-Jan-17,25-Jan-17,PE,8300,28.75,42.15,24.3,31,29.7,31,175584,1097606.99,4596.59,5839425,-377550,8400.35
NIFTY,13-Jan-17,25-Jan-17,PE,8350,36.45,56.95,35,42.2,40,42.2,16405,103322.01,585.69,749025,100575,8400.35
NIFTY,13-Jan-17,25-Jan-17,PE,8400,51.1,77.7,48.7,60,58.3,60,176440,1120243.54,8671.54,3817725,445950,8400.35
NIFTY,13-Jan-17,25-Jan-17,PE,8450,68.95,102,57,81.15,79.85,81.15,5575,35690.81,359.24,220950,40800,8400.35
NIFTY,13-Jan-17,25-Jan-17,PE,8500,98.9,134.95,89.95,112,110.55,112,49646,320835.27,4342.02,1128300,-9225,8400.35
NIFTY,13-Jan-17,25-Jan-17,PE,8550,124.05,165,119.35,148.2,148.85,148.2,77,502.15,8.38,4650,1425,8400.35
NIFTY,13-Jan-17,25-Jan-17,PE,8600,164.2,216.2,162.85,190.5,190,190.5,6750,44522.78,985.28,429000,-26475,8400.35
NIFTY,13-Jan-17,25-Jan-17,PE,8650,213.95,256,212.9,230.3,227.9,230.3,28,186.6,4.95,1425,-300,8400.35
NIFTY,13-Jan-17,25-Jan-17,PE,8700,251.55,311,251.55,282.45,284.5,282.45,4005,27007.94,875.31,326175,-86625,8400.35
NIFTY,13-Jan-17,25-Jan-17,PE,8750,0,0,0,240.8,0,337.75,0,0,0,0,0,8400.35
NIFTY,13-Jan-17,25-Jan-17,PE,8800,348.85,406.3,347.5,383.85,381.5,383.85,2815,19407.44,828.44,392925,-72300,8400.35
NIFTY,13-Jan-17,25-Jan-17,PE,8850,0,0,0,691,691,433.2,0,0,0,75,0,8400.35
NIFTY,13-Jan-17,25-Jan-17,PE,8900,468.1,507,468.1,483.85,483.4,483.85,2251,15864.69,839.26,310200,-36300,8400.35
NIFTY,13-Jan-17,25-Jan-17,PE,8950,0,0,0,353.2,0,531.45,0,0,0,0,0,8400.35
NIFTY,13-Jan-17,25-Jan-17,PE,9000,550,603,550,579.05,575,579.05,1696,12195.57,747.57,1550700,-76050,8400.35
NIFTY,13-Jan-17,25-Jan-17,PE,9050,0,0,0,418.25,0,630.75,0,0,0,0,0,8400.35
NIFTY,13-Jan-17,25-Jan-17,PE,9100,658,699.75,658,674.4,674.4,674.4,16,117.33,8.13,165375,-375,8400.35
NIFTY,13-Jan-17,25-Jan-17,PE,9150,0,0,0,488.65,0,730.4,0,0,0,0,0,8400.35
NIFTY,13-Jan-17,25-Jan-17,PE,9200,762,796,762,773.35,773.35,773.35,60,449.01,35.01,75750,-75,8400.35
NIFTY,13-Jan-17,25-Jan-17,PE,9250,0,0,0,564.05,0,830.15,0,0,0,0,0,8400.35
NIFTY,13-Jan-17,25-Jan-17,PE,9300,891.45,891.45,891.45,891.45,891.45,891.45,1,7.64,0.67,30450,-75,8400.35
NIFTY,13-Jan-17,25-Jan-17,PE,9350,0,0,0,643.65,0,929.95,0,0,0,0,0,8400.35
NIFTY,13-Jan-17,25-Jan-17,PE,9400,0,0,0,971.95,971.95,979.8,0,0,0,31950,0,8400.35
NIFTY,13-Jan-17,25-Jan-17,PE,9450,0,0,0,727,0,1029.7,0,0,0,0,0,8400.35
NIFTY,13-Jan-17,25-Jan-17,PE,9500,1054.3,1090.45,1054.3,1075.05,1078,1075.05,82,650.86,66.61,296025,1425,8400.35
NIFTY,13-Jan-17,25-Jan-17,PE,9550,0,0,0,813.5,0,1129.5,0,0,0,0,0,8400.35
